,COUNTY_FIPS_CODE,WATER_QUALITY_COUNTY_SCORE
0,6001.0,30.974301112
48,6003.0,41.483428584
49,6005.0,52.217362475
60,6007.0,55.787534368
77,6009.0,43.68752251
94,6011.0,49.500133301
100,6013.0,52.217362475
141,6015.0,46.92872177
146,6017.0,58.139194576
166,6019.0,63.390273105
221,6021.0,46.515439203
229,6023.0,49.004067692
262,6025.0,55.087604981
275,6027.0,58.328294546
284,6029.0,65.729987008
331,6031.0,55.176003849
338,6033.0,54.346859037
351,6035.0,42.549632323
361,6037.0,60.524396415
638,6039.0,63.570700494
650,6041.0,52.032050445
676,6043.0,47.994925508
682,6045.0,51.814941893
706,6047.0,56.400743908
725,6049.0,37.845496087
735,6051.0,55.087604981
742,6053.0,62.797820997
768,6055.0,58.341529586
778,6057.0,48.960397634
789,6059.0,45.480741906
877,6061.0,53.332464027
905,6063.0,49.914989117
919,6065.0,58.254863285
989,6067.0,48.152288549
1042,6069.0,54.041746143
1046,6071.0,64.008681011
1130,6073.0,61.823173372
1227,6075.0,30.974301112
1254,6077.0,59.343362037
1285,6079.0,58.471971837
1306,6081.0,55.348207949
1333,6083.0,55.023483524
1356,6085.0,55.537954352
1412,6087.0,54.648216407
1429,6089.0,48.916339393
1452,6091.0,40.619242629
1458,6093.0,50.264184145
1479,6095.0,47.490437604
1492,6097.0,59.497518231
1525,6099.0,61.878517678
1549,6101.0,50.127443902
1559,6103.0,49.539315477
1571,6105.0,47.887170842
1583,6107.0,66.219953332
1615,6109.0,52.836398417
1626,6111.0,51.740406362
1650,6113.0,57.877706689
1667,6115.0,47.549095323
1676,12001.0,58.348133877
1694,12003.0,49.914989117
1697,12005.0,53.946425523
1709,12007.0,47.549095323
1713,12009.0,60.761158315
1740,12011.0,63.120564071
1793,12013.0,45.017178179
1797,12015.0,55.07484688
1810,12017.0,64.012892158
1823,12019.0,54.606270999
1830,12021.0,57.9782772
1849,12023.0,55.809612442
1854,12027.0,52.673206081
1857,12029.0,50.955450723
1860,12031.0,59.413060052
1893,12033.0,52.547186086
1909,12035.0,51.864016744
1913,12037.0,51.535984835
1917,12039.0,53.350586604
1924,12041.0,54.758365817
1926,12043.0,54.563967589
1928,12045.0,48.82703032
1930,12047.0,57.539887292
1933,12049.0,55.686947658
1937,12051.0,56.180862234
1940,12053.0,62.675297112
1950,12055.0,56.98127802
1958,12057.0,64.490079974
2009,12059.0,55.82061471
2011,12061.0,54.606270999
2020,12063.0,59.261704186
2031,12065.0,54.361632579
2034,12067.0,52.589549758
2036,12069.0,62.628210515
2060,12071.0,59.565096366
2094,12073.0,56.866925561
2104,12075.0,59.24520993
2113,12077.0,47.994925508
2116,12079.0,57.007296555
2120,12081.0,55.743080981
2139,12083.0,66.103998091
2164,12085.0,62.417867921
2171,12087.0,45.30048497
2180,12089.0,57.524325209
2185,12091.0,51.322768329
2199,12093.0,59.985601925
2201,12095.0,61.872038567
2244,12097.0,61.349456922
2256,12099.0,58.062885561
2308,12101.0,62.851318758
2332,12103.0,49.95103669
2379,12105.0,69.399611142
2419,12107.0,62.541177918
2433,12109.0,55.731905059
2443,12111.0,61.865550975
2457,12113.0,49.500133301
2463,12115.0,56.786184092
2487,12117.0,59.294528938
2500,12119.0,58.465530615
2510,12121.0,56.866925561
2516,12123.0,56.955122184
2519,12125.0,45.30048497
2522,12127.0,56.098423419
2548,12129.0,49.655037141
2552,12131.0,54.041746143
2559,12133.0,51.790221047
2564,36001.0,67.246593091
2598,36003.0,67.318412192
2624,36007.0,46.862190308
2645,36009.0,65.110903271
2671,36011.0,55.150907495
2687,36013.0,67.519537093
2720,36015.0,62.009506479
2735,36017.0,59.585705624
2753,36019.0,61.626155419
2775,36021.0,67.450593878
2802,36023.0,65.229218817
2812,36025.0,69.271610345
2845,36027.0,73.227134062
2874,36029.0,66.431125609
2939,36031.0,56.620644865
2967,36033.0,56.014590225
2988,36035.0,65.906893812
2995,36037.0,49.216826511
3010,36039.0,69.953181794
3045,36041.0,53.222314617
3055,36043.0,67.017790032
3072,36045.0,60.311413669
3107,36049.0,59.971352218
3122,36051.0,59.10558043
3142,36053.0,58.529569225
3166,36055.0,43.426592821
3208,36057.0,64.119085042
3221,36059.0,53.033111514
3288,36065.0,62.161644607
3334,36067.0,55.831592609
3375,36069.0,60.084219019
3392,36071.0,72.836983061
3434,36073.0,41.483428584
3442,36075.0,63.016158825
3463,36077.0,68.198991908
3493,36079.0,61.399631806
3502,36083.0,61.210650696
3527,36087.0,46.92872177
3552,36089.0,66.915733616
3591,36091.0,68.722931558
3612,36093.0,58.361316117
3625,36095.0,52.482953834
3643,36097.0,62.498510342
3653,36099.0,60.425563537
3660,36101.0,66.186129539
3684,36103.0,57.101546092
3787,36105.0,69.706524947
3834,36107.0,58.967730911
3846,36109.0,60.789469805
3857,36111.0,69.094374295
3911,36113.0,68.129770739
3932,36115.0,64.172359431
3952,36117.0,57.70040542
3968,36119.0,65.958331201
4036,36121.0,59.071475804
4054,36123.0,60.545623512
4063,48001.0,51.790221047
4068,48003.0,54.971582323
4069,48005.0,65.063455885
4076,48007.0,51.37693848
4078,48009.0,36.419594297
4083,48011.0,40.849819991
4085,48013.0,52.148679813
4094,48015.0,56.221573095
4101,48017.0,55.652959963
4102,48019.0,67.396654907
4108,48021.0,57.516525806
4116,48023.0,35.173949443
4117,48025.0,58.573908992
4126,48027.0,52.876370565
4142,48029.0,66.368713206
4210,48031.0,58.573908992
4214,48033.0,49.380693318
4215,48035.0,51.587886037
4223,48037.0,61.273229196
4232,48039.0,67.752565798
4248,48041.0,50.494761508
4255,48043.0,55.709477331
4259,48045.0,50.866674867
4261,48047.0,43.558774506
4263,48049.0,48.689974967
4270,48051.0,59.999810782
4273,48053.0,63.839412331
4277,48055.0,48.82703032
4285,48057.0,60.23533016
4289,48059.0,52.52586769
4293,48061.0,56.150108136
4309,48063.0,51.613634248
4311,48065.0,43.558774506
4315,48067.0,61.926842917
4326,48069.0,57.877706689
4329,48071.0,60.23081808
4335,48073.0,60.520140065
4343,48075.0,42.706995364
4344,48077.0,54.302272355
4348,48079.0,47.941340992
4351,48081.0,47.37099762
4355,48083.0,41.677826812
4365,48085.0,49.299437081
4393,48087.0,42.706995364
4396,48089.0,59.737602683
4406,48091.0,66.810334774
4413,48093.0,52.461356765
4419,48095.0,58.439681694
4422,48097.0,61.269569897
4428,48099.0,51.936729825
4434,48101.0,40.123177019
4435,48103.0,38.609546931
4436,48105.0,44.396804626
4437,48107.0,48.403942568
4440,48109.0,47.248608205
4442,48111.0,51.0999659
4444,48113.0,53.64894509
4526,48115.0,54.010175848
4529,48117.0,47.310180668
4531,48119.0,40.377413231
4537,48121.0,65.061752907
4564,48123.0,51.960732388
4569,48125.0,46.515439203
4573,48127.0,57.406025573
4576,48129.0,46.295113176
4578,48131.0,54.839400637
4583,48133.0,55.853475733
4591,48135.0,58.535927814
4599,48137.0,55.537954352
4600,48139.0,55.036374349
4613,48141.0,65.121011744
4641,48143.0,60.683487555
4644,48145.0,56.19107134
4650,48147.0,49.380693318
4663,48149.0,54.634274008
4672,48151.0,50.77627991
4676,48153.0,39.271397877
4678,48155.0,51.128370101
4679,48157.0,64.11083792
4700,48159.0,41.070146017
4702,48161.0,56.241803815
4708,48163.0,55.776458343
4712,48165.0,59.559930634
4715,48167.0,59.865583483
4732,48169.0,51.295459613
4733,48171.0,60.046881596
4738,48173.0,39.271397877
4739,48175.0,43.007482482
4742,48177.0,51.690085935
4749,48179.0,54.196649983
4753,48181.0,62.382901148
4770,48183.0,54.376362216
4779,48185.0,58.166654588
4785,48187.0,59.84610794
4792,48189.0,57.453684781
4798,48191.0,53.665948604
4802,48193.0,42.219075228
4804,48195.0,44.285417479
4806,48197.0,49.98682399
4808,48199.0,57.485204884
4817,48201.0,75.529007927
4948,48203.0,65.209419113
4954,48205.0,42.549632323
4955,48207.0,51.071397986
4961,48209.0,62.859293852
4968,48211.0,36.419594297
4970,48213.0,59.008334575
4984,48215.0,58.679968206
5011,48217.0,60.244342016
5026,48219.0,60.171784169
5032,48221.0,63.480136129
5037,48223.0,53.013787827
5045,48225.0,50.196285557
5051,48227.0,53.865566969
5055,48229.0,53.96244014
5058,48231.0,55.982783574
5067,48233.0,47.37099762
5072,48235.0,45.480741906
5074,48237.0,53.013787827
5078,48239.0,51.765376286
5084,48241.0,55.537954352
5089,48243.0,48.304808874
5091,48245.0,62.819289442
5108,48247.0,46.219439654
5109,48249.0,63.981220999
5113,48251.0,63.673182148
5123,48253.0,49.420827298
5129,48255.0,49.578190339
5135,48257.0,50.836726018
5142,48259.0,62.069054378
5146,48261.0,43.935400133
5147,48263.0,51.839540055
5149,48265.0,67.047545261
5154,48267.0,49.216826511
5156,48269.0,45.207837049
5157,48271.0,42.859515689
5158,48273.0,50.896443842
5160,48275.0,51.40380315
5164,48277.0,48.736082457
5175,48279.0,50.836726018
5181,48281.0,50.77627991
5184,48283.0,47.37099762
5186,48285.0,51.013763389
5191,48287.0,52.102356864
5196,48289.0,53.25930374
5203,48291.0,66.226690481
5211,48293.0,63.44957651
5218,48295.0,48.960397634
5223,48297.0,56.331833888
5227,48299.0,58.891430112
5234,48301.0,52.52586769
5235,48303.0,72.183286328
5254,48305.0,56.731616354
5258,48307.0,60.948218985
5263,48309.0,64.021303733
5286,48311.0,47.123119998
5288,48313.0,42.219075228
5291,48315.0,53.716611936
5293,48317.0,51.960732388
5295,48319.0,49.500133301
5299,48321.0,58.747404885
5307,48323.0,49.299437081
5309,48325.0,53.881844551
5318,48327.0,35.173949443
5320,48329.0,66.819901039
5325,48331.0,50.836726018
5333,48333.0,53.185047378
5336,48335.0,44.054840116
5339,48337.0,63.845946965
5346,48339.0,69.086818624
5368,48341.0,47.607066972
5372,48343.0,49.004067692
5375,48345.0,46.92872177
5378,48347.0,59.111241789
5386,48349.0,52.755473853
5398,48351.0,54.997600857
5404,48353.0,46.862190308
5408,48355.0,51.535984835
5432,48357.0,43.290789272
5435,48359.0,47.43107738
5437,48361.0,63.536063599
5441,48363.0,57.66265566
5448,48365.0,54.420290298
5453,48367.0,65.8345557
5461,48369.0,46.142592852
5465,48371.0,51.587886037
5470,48373.0,62.412057229
5478,48375.0,52.032050445
5487,48377.0,57.999565076
5489,48379.0,54.521300013
5491,48381.0,67.433734952
5497,48383.0,50.590388644
5498,48385.0,57.70040542
5501,48387.0,50.926035091
5507,48389.0,57.999565076
5510,48391.0,49.216826511
5515,48393.0,37.845496087
5516,48395.0,47.37099762
5521,48397.0,42.045144418
5524,48399.0,54.744730266
5528,48401.0,59.413060052
5538,48403.0,59.518409809
5542,48405.0,62.544009405
5544,48407.0,55.163471556
5548,48409.0,52.735034568
5556,48411.0,49.95103669
5559,48413.0,32.400202902
5560,48415.0,53.440218694
5564,48417.0,52.504457206
5566,48419.0,62.10320529
5571,48421.0,38.951511441
5572,48423.0,59.831450898
5587,48425.0,59.732613735
5590,48427.0,55.842546248
5598,48429.0,34.409898599
5600,48431.0,25.529007927
5601,48433.0,42.859515689
5602,48435.0,40.849819991
5603,48437.0,43.007482482
5606,48439.0,65.898268776
5671,48441.0,55.514629511
5685,48443.0,39.855191785
5687,48445.0,53.332464027
5690,48447.0,45.739401607
5692,48449.0,28.964605414
5696,48451.0,51.37693848
5706,48453.0,63.915118878
5752,48455.0,60.944311599
5756,48457.0,62.201236064
5763,48459.0,58.873654171
5768,48461.0,45.654672715
5770,48463.0,58.8079248
5774,48465.0,60.59620068
5776,48467.0,52.568413183
5783,48469.0,63.247437996
5789,48471.0,60.162639296
5794,48473.0,62.261535098
5799,48475.0,49.299437081
5804,48477.0,51.212618919
5808,48479.0,60.442894043
5817,48481.0,58.076847597
5823,48483.0,47.43107738
5827,48485.0,42.859515689
5838,48487.0,51.839540055
5842,48489.0,50.230351117
5848,48491.0,55.150907495
5868,48493.0,53.090634629
5874,48495.0,49.578190339
5876,48497.0,65.327048035
5884,48499.0,58.40717981
5890,48501.0,52.568413183
5893,48503.0,44.285417479
5898,48505.0,54.272323505
5900,48507.0,52.217362475
8526,12086.0,
8604,36005.0,
8629,36047.0,
8667,36061.0,
8712,36063.0,
8730,36081.0,
8790,36085.0,
8802,,
9020,1001.0,55.961465178
9026,1003.0,56.497554007
9047,1005.0,49.98682399
9051,1007.0,36.941815743
9058,1009.0,47.123119998
9066,1011.0,42.706995364
9069,1013.0,48.689974967
9073,1015.0,49.539315477
9085,1017.0,45.568470204
9089,1019.0,47.248608205
9093,1021.0,40.377413231
9100,1023.0,52.079032024
9108,1025.0,50.364319257
9117,1027.0,46.72638676
9121,1029.0,44.396804626
9125,1031.0,55.514629511
9130,1033.0,54.376362216
9135,1035.0,49.047356346
9139,1037.0,47.941340992
9144,1039.0,52.217362475
9154,1041.0,47.05916402
9160,1043.0,50.161984247
9172,1045.0,53.185047378
9179,1047.0,51.071397986
9187,1049.0,52.102356864
9202,1051.0,49.578190339
9211,1053.0,56.42025779
9214,1055.0,54.361632579
9224,1057.0,43.290789272
9230,1059.0,35.835800389
9237,1061.0,50.196285557
9245,1063.0,51.639249392
9249,1065.0,46.92872177
9254,1067.0,55.842546248
9259,1069.0,56.129498878
9270,1071.0,52.461356765
9287,1073.0,50.494761508
9337,1075.0,51.37693848
9342,1077.0,39.571884994
9350,1079.0,37.414222504
9356,1081.0,48.403942568
9366,1083.0,55.479435142
9375,1085.0,40.619242629
9380,1087.0,51.430522996
9385,1089.0,55.225818534
9406,1091.0,50.684205693
9415,1093.0,49.299437081
9422,1095.0,52.816290806
9431,1097.0,58.944378598
9464,1099.0,54.211877397
9473,1101.0,41.483428584
9491,1103.0,46.994371994
9500,1105.0,48.736082457
9502,1107.0,55.443989083
9507,1109.0,51.912610462
9513,1111.0,42.387108928
9518,1113.0,52.916022932
9525,1115.0,45.480741906
9535,1117.0,50.715087534
9550,1119.0,37.414222504
9558,1121.0,51.322768329
9566,1123.0,51.184694792
9571,1125.0,42.045144418
9588,1127.0,49.420827298
9601,1129.0,42.859515689
9613,1131.0,49.768118536
9622,1133.0,48.047936917
9628,2013.0,60.351225284
9633,2016.0,58.254863285
9640,2050.0,75.091396586
9664,2060.0,62.403328399
9667,2068.0,57.826645698
9671,2070.0,65.865066395
9678,2090.0,58.567598973
9689,2100.0,51.0999659
9690,2122.0,69.40670506
9703,2130.0,63.138171619
9704,2150.0,65.171247169
9710,2164.0,64.911308009
9722,2170.0,67.562915953
9732,2180.0,67.414699863
9746,2185.0,57.81930814
9754,2188.0,63.906524997
9765,2240.0,60.777356106
9770,2270.0,66.673201116
9782,2290.0,69.565751415
9811,4001.0,60.901125809
9837,4003.0,64.706997372
9858,4005.0,63.526786068
9878,4007.0,64.216994783
9889,4009.0,58.062885561
9897,4011.0,56.292022273
9901,4012.0,62.207299086
9908,4013.0,68.143509599
10042,4015.0,68.13252156
10065,4017.0,62.940960383
10091,4019.0,66.302853621
10134,4021.0,66.095709595
10157,4023.0,59.423696364
10163,4025.0,66.095709595
10190,4027.0,67.367859554
10200,5001.0,51.790221047
10210,5003.0,49.047356346
10216,5005.0,58.090770414
10227,5007.0,55.225818534
10244,5009.0,49.693018319
10250,5011.0,41.677826812
10254,5013.0,38.242229325
10257,5015.0,56.429985996
10263,5017.0,47.490437604
10267,5019.0,41.864887482
10272,5021.0,41.864887482
10282,5023.0,33.506218256
10291,5025.0,34.409898599
10294,5027.0,53.631883044
10298,5029.0,38.242229325
10307,5031.0,43.007482482
10319,5033.0,45.985229811
10329,5035.0,49.98682399
10338,5037.0,42.706995364
10342,5039.0,36.941815743
10346,5041.0,51.267999601
10351,5043.0,45.985229811
10354,5045.0,44.396804626
10363,5047.0,46.295113176
10368,5049.0,53.314274944
10375,5051.0,49.004067692
10383,5053.0,33.506218256
10388,5055.0,34.409898599
10393,5057.0,57.493053689
10401,5059.0,32.400202902
10405,5061.0,46.58675726
10409,5063.0,38.242229325
10423,5065.0,43.68752251
10437,5067.0,46.295113176
10444,5069.0,48.354623559
10453,5071.0,41.281093574
10461,5073.0,44.612339429
10466,5075.0,41.677826812
10479,5077.0,52.673206081
10484,5079.0,42.045144418
10487,5081.0,51.013763389
10493,5083.0,49.047356346
10502,5085.0,49.578190339
10510,5087.0,37.845496087
10518,5089.0,50.526842652
10526,5091.0,51.267999601
10530,5093.0,50.984692811
10541,5095.0,49.95103669
10545,5097.0,53.422421477
10552,5099.0,36.419594297
10557,5101.0,50.926035091
10566,5103.0,48.047936917
10571,5105.0,28.964605414
10577,5107.0,53.128615807
10585,5109.0,48.916339393
10592,5111.0,41.677826812
10599,5113.0,50.331165157
10605,5115.0,46.219439654
10614,5117.0,45.985229811
10620,5119.0,48.254488448
10641,5121.0,41.070146017
10648,5123.0,45.568470204
10657,5125.0,40.377413231
10667,5127.0,36.419594297
10671,5129.0,45.391432833
10678,5131.0,51.715310007
10691,5133.0,35.835800389
10696,5135.0,48.100387348
10703,5137.0,46.369648708
10710,5139.0,51.864016744
10718,5141.0,40.377413231
10724,5143.0,49.460638913
10738,5145.0,47.607066972
10755,5147.0,46.142592852
10760,5149.0,51.071397986
10770,8001.0,60.65041641
10788,8003.0,53.332464027
10791,8005.0,55.641578742
10810,8007.0,57.084542578
10812,8009.0,51.212618919
10818,8011.0,51.212618919
10821,8013.0,63.205506504
10835,8015.0,60.028106878
10839,8017.0,45.480741906
10843,8019.0,55.595790708
10848,8021.0,57.357903647
10854,8023.0,60.23533016
10858,8025.0,45.654672715
10862,8027.0,54.33204133
10864,8029.0,65.29627719
10871,8031.0,46.862190308
10897,8033.0,49.98682399
10900,8035.0,62.705528264
10914,8037.0,57.160603192
10924,8039.0,52.631554412
10929,8041.0,66.407812958
10970,8043.0,57.118491474
10978,8045.0,61.192093881
10984,8047.0,50.297787796
10987,8049.0,59.806925764
10995,8051.0,58.439681694
11005,8053.0,45.822706416
11006,8055.0,54.088727722
11009,8057.0,49.914989117
11013,8059.0,60.587806911
11040,8061.0,55.90776455
11044,8063.0,51.042664459
11050,8065.0,58.580210988
11052,8067.0,62.647653317
11057,8069.0,64.255222645
11074,8071.0,53.766762645
11082,8073.0,52.079032024
11087,8075.0,59.652099974
11095,8077.0,54.104289805
11113,8079.0,50.397253062
11114,8081.0,55.630171327
11118,8083.0,55.287390997
11124,8085.0,60.298071751
11131,8087.0,54.549785835
11139,8089.0,64.206885623
11145,8091.0,49.914989117
11147,8093.0,58.72910387
11155,8095.0,47.310180668
11159,8097.0,62.06593805
11164,8099.0,61.961984356
11169,8101.0,59.128187171
11181,8103.0,53.545680533
11183,8105.0,59.611347272
11186,8107.0,62.647653317
11192,8109.0,59.429005973
11198,8111.0,45.739401607
11199,8113.0,60.485957037
11203,8115.0,42.045144418
11206,8117.0,55.213411721
11210,8119.0,63.639256489
11215,8121.0,50.715087534
11221,8123.0,60.009260774
11253,8125.0,58.013706368
11260,9001.0,72.055752711
11306,9003.0,68.822024967
11359,9005.0,71.139927903
11400,9007.0,68.316967288
11422,9009.0,63.912971804
11463,9011.0,69.504273346
11494,9013.0,67.473681666
11509,9015.0,67.574214624
11534,10001.0,50.092661167
11550,10003.0,44.505743505
11573,10005.0,55.087604981
11595,11001.0,46.862190308
11617,13001.0,38.609546931
11620,13003.0,40.123177019
11623,13005.0,36.941815743
11624,13007.0,40.123177019
11625,13009.0,44.612339429
11626,13011.0,46.72638676
11629,13013.0,49.730710664
11633,13015.0,44.171469484
11641,13019.0,47.05916402
11645,13021.0,33.506218256
11654,13023.0,33.506218256
11655,13025.0,39.271397877
11659,13027.0,47.490437604
11664,13029.0,50.429969481
11667,13031.0,56.94637281
11672,13033.0,50.866674867
11676,13035.0,38.951511441
11679,13037.0,45.985229811
11683,13039.0,46.064535814
11688,13043.0,46.443079969
11689,13045.0,48.100387348
11696,13047.0,41.070146017
11698,13049.0,40.619242629
11700,13051.0,55.961465178
11713,13053.0,32.400202902
11715,13055.0,42.706995364
11719,13057.0,46.515439203
11726,13059.0,50.621858714
11731,13061.0,40.849819991
11734,13063.0,44.919026072
11741,13065.0,40.377413231
11745,13069.0,56.840157614
11751,13071.0,49.842097811
11759,13073.0,46.58675726
11764,13075.0,39.271397877
11768,13077.0,55.250539381
11776,13079.0,37.845496087
11779,13081.0,50.621858714
11781,13085.0,41.864887482
11782,13087.0,49.500133301
11787,13089.0,25.529007927
11815,13091.0,35.173949443
11819,13093.0,35.835800389
11824,13095.0,41.677826812
11828,13097.0,47.123119998
11832,13099.0,36.941815743
11835,13101.0,46.064535814
11836,13103.0,54.196649983
11842,13105.0,47.549095323
11845,13107.0,55.537954352
11852,13109.0,46.58675726
11855,13111.0,51.664732839
11860,13113.0,52.735034568
11865,13115.0,39.571884994
11871,13117.0,41.677826812
11874,13119.0,48.82703032
11878,13121.0,48.254488448
11912,13123.0,51.535984835
11916,13125.0,51.960732388
11918,13127.0,50.161984247
11923,13129.0,45.391432833
11929,13131.0,49.730710664
11932,13133.0,50.230351117
11936,13135.0,40.377413231
11954,13137.0,45.985229811
11959,13139.0,43.007482482
11969,13141.0,48.82703032
11970,13143.0,42.549632323
11974,13145.0,52.547186086
11982,13147.0,49.61676267
11984,13149.0,45.904634223
11985,13151.0,45.30048497
11990,13153.0,43.558774506
11998,13155.0,28.964605414
12000,13157.0,49.132815695
12008,13159.0,45.985229811
12013,13161.0,44.716691062
12015,13163.0,46.142592852
12022,13165.0,35.173949443
12023,13167.0,37.845496087
12025,13169.0,45.822706416
12027,13171.0,45.30048497
12029,13173.0,32.400202902
12031,13175.0,51.912610462
12039,13177.0,41.864887482
12041,13179.0,50.526842652
12048,13181.0,43.935400133
12049,13183.0,55.479435142
12050,13185.0,58.268295596
12057,13187.0,49.693018319
12058,13189.0,43.813010718
12060,13191.0,48.689974967
12062,13193.0,46.369648708
12066,13195.0,47.310180668
12070,13197.0,48.781764988
12073,13199.0,46.58675726
12079,13201.0,25.529007927
12080,13205.0,48.152288549
12084,13207.0,42.387108928
12087,13209.0,49.174999094
12091,13211.0,45.30048497
12095,13213.0,44.919026072
12099,13217.0,47.941340992
12103,13219.0,40.123177019
12106,13221.0,50.526842652
12111,13223.0,36.941815743
12114,13225.0,47.310180668
12116,13227.0,35.835800389
12120,13229.0,28.964605414
12124,13231.0,44.612339429
12129,13233.0,28.964605414
12132,13235.0,32.400202902
12133,13237.0,52.461356765
12134,13239.0,41.677826812
12135,13241.0,53.296018867
12142,13243.0,47.37099762
12145,13245.0,47.248608205
12152,13247.0,45.1134243
12155,13249.0,35.835800389
12156,13251.0,46.369648708
12160,13253.0,45.30048497
12162,13255.0,47.490437604
12164,13257.0,42.549632323
12167,13259.0,44.612339429
12170,13261.0,53.166308151
12177,13263.0,45.30048497
12181,13265.0,42.387108928
12183,13267.0,50.364319257
12187,13269.0,42.387108928
12190,13271.0,46.064535814
12196,13273.0,38.951511441
12200,13275.0,49.500133301
12207,13277.0,44.285417479
12212,13279.0,52.816290806
12215,13281.0,47.310180668
12217,13283.0,30.974301112
12218,13285.0,48.549021787
12222,13287.0,38.242229325
12225,13289.0,49.768118536
12228,13291.0,47.887170842
12230,13293.0,45.207837049
12233,13295.0,33.506218256
12239,13297.0,40.849819991
12244,13299.0,46.064535814
12248,13301.0,50.526842652
12252,13303.0,45.904634223
12258,13305.0,45.1134243
12262,13307.0,42.219075228
12264,13309.0,42.706995364
12266,13311.0,51.0999659
12269,13315.0,42.387108928
12273,13317.0,28.964605414
12276,13319.0,43.151159772
12281,13321.0,39.271397877
12286,15001.0,30.974301112
12313,15003.0,44.612339429
12342,15007.0,36.419594297
12358,15009.0,40.619242629
12372,16001.0,60.720430728
12387,16003.0,54.971582323
12391,16005.0,54.785524895
12400,16007.0,55.432117175
12409,16009.0,51.765376286
12415,16011.0,57.913859434
12423,16013.0,59.256212197
12428,16015.0,63.738120536
12433,16017.0,62.037802576
12447,16019.0,62.121734356
12455,16021.0,53.865566969
12459,16023.0,37.414222504
12462,16025.0,47.05916402
12464,16027.0,65.2226277
12475,16029.0,50.161984247
12478,16031.0,58.873654171
12484,16033.0,45.207837049
12486,16035.0,54.689809821
12491,16037.0,55.743080981
12495,16039.0,64.531955579
12500,16041.0,57.884958364
12506,16043.0,67.090714853
12513,16045.0,58.956068507
12516,16047.0,57.33366634
12521,16049.0,58.90324542
12533,16051.0,61.04491576
12541,16053.0,58.831927363
12544,16055.0,61.996878397
12556,16057.0,56.875816181
12566,16059.0,56.601905639
12574,16061.0,49.460638913
12578,16063.0,48.152288549
12581,16065.0,55.982783574
12583,16067.0,58.529569225
12586,16069.0,57.235514232
12591,16071.0,45.822706416
12592,16073.0,53.733385283
12597,16075.0,55.537954352
12600,16077.0,53.013787827
12603,16079.0,50.77627991
12615,16081.0,55.709477331
12618,16083.0,59.455469034
12626,16085.0,58.542278256
12629,16087.0,51.349927408
12632,17001.0,54.506995473
12648,17003.0,39.571884994
12653,17005.0,52.836398417
12659,17007.0,57.563139185
12664,17009.0,40.849819991
12667,17011.0,56.371328276
12690,17013.0,40.619242629
12696,17015.0,56.311968052
12703,17017.0,49.299437081
12708,17019.0,59.21205583
12737,17021.0,52.714510649
12750,17023.0,46.657063679
12757,17025.0,42.219075228
12763,17027.0,51.349927408
12773,17029.0,46.369648708
12779,17031.0,71.63006496
12943,17033.0,35.835800389
12950,17035.0,39.271397877
12956,17037.0,57.110026024
12969,17039.0,50.896443842
12977,17041.0,48.501132338
12986,17043.0,65.196175232
13022,17045.0,50.364319257
13030,17047.0,36.419594297
13034,17049.0,48.452775667
13043,17051.0,48.689974967
13051,17053.0,47.607066972
13060,17055.0,49.98682399
13076,17057.0,53.750102059
13095,17059.0,36.941815743
13101,17061.0,49.878677457
13111,17063.0,61.743972974
13120,17065.0,43.558774506
13124,17067.0,48.501132338
13139,17069.0,34.409898599
13143,17071.0,54.317179191
13151,17073.0,62.705528264
13167,17075.0,55.652959963
13188,17077.0,49.500133301
13203,17079.0,44.716691062
13210,17081.0,42.219075228
13221,17083.0,41.864887482
13227,17085.0,49.95103669
13236,17087.0,44.505743505
13243,17089.0,65.718065127
13264,17091.0,55.250539381
13280,17093.0,60.15347752
13287,17095.0,54.758365817
13303,17097.0,68.862538453
13331,17101.0,45.904634223
13335,17103.0,53.422421477
13347,17105.0,57.539887292
13364,17107.0,49.216826511
13377,17109.0,54.135268152
13388,17111.0,64.516768989
13406,17113.0,64.210931762
13431,17115.0,50.684205693
13447,17117.0,53.665948604
13467,17119.0,55.163471556
13495,17121.0,47.248608205
13506,17123.0,52.148679813
13515,17125.0,55.491194387
13524,17127.0,47.490437604
13528,17129.0,49.216826511
13533,17131.0,47.123119998
13544,17133.0,41.864887482
13549,17135.0,52.395995122
13566,17137.0,49.420827298
13575,17139.0,38.242229325
13580,17141.0,63.298750709
13595,17143.0,59.439608158
13619,17145.0,46.657063679
13624,17147.0,49.34023171
13634,17149.0,46.064535814
13649,17151.0,42.045144418
13652,17153.0,50.896443842
13660,17155.0,58.777757212
13667,17157.0,53.203716023
13680,17159.0,52.836398417
13686,17161.0,59.575411706
13703,17163.0,53.510775322
13730,17165.0,46.295113176
13737,17167.0,53.440218694
13761,17169.0,43.813010718
13766,17171.0,42.045144418
13770,17173.0,50.462471365
13783,17175.0,50.230351117
13788,17177.0,61.519411382
13802,17179.0,58.097717184
13817,17181.0,47.123119998
13824,17183.0,57.414000666
13848,17185.0,41.070146017
13852,17187.0,51.715310007
13860,17189.0,38.609546931
13870,17191.0,47.310180668
13882,17193.0,42.706995364
13891,17195.0,54.606270999
13903,17197.0,71.244747981
13934,17199.0,50.022354747
13945,17201.0,65.92696072
13963,17203.0,57.539887292
13974,18001.0,59.565096366
13978,18003.0,57.160603192
14005,18005.0,51.37693848
14014,18007.0,46.794753629
14020,18009.0,47.186261227
14022,18011.0,56.221573095
14028,18013.0,45.739401607
14032,18015.0,56.119162025
14039,18017.0,56.55474525
14047,18019.0,47.994925508
14059,18021.0,48.549021787
14067,18023.0,52.504457206
14074,18025.0,42.706995364
14082,18027.0,46.72638676
14088,18029.0,37.845496087
14094,18031.0,54.4348469
14098,18035.0,58.624102023
14109,18037.0,41.281093574
14118,18039.0,65.335113976
14129,18041.0,48.452775667
14131,18043.0,28.964605414
14135,18045.0,50.127443902
14142,18047.0,52.955360594
14149,18049.0,53.033111514
14153,18051.0,45.654672715
14163,18053.0,57.90664995
14174,18055.0,43.935400133
14184,18057.0,58.187150218
14198,18059.0,57.928247019
14203,18061.0,35.835800389
14215,18063.0,58.187150218
14225,18065.0,55.809612442
14239,18067.0,56.516691171
14243,18069.0,52.262627808
14247,18071.0,49.655037141
14254,18073.0,60.617123123
14259,18075.0,54.634274008
14265,18077.0,42.045144418
14270,18079.0,52.102356864
14276,18081.0,55.443989083
14284,18083.0,54.025986131
14295,18085.0,67.079390837
14308,18087.0,63.155716839
14315,18089.0,63.463704366
14342,18093.0,47.43107738
14350,18095.0,55.831592609
14364,18097.0,60.248841807
14401,18099.0,59.450187712
14409,18101.0,41.070146017
14412,18103.0,58.932661052
14420,18105.0,48.549021787
14428,18107.0,57.7898488
14439,18109.0,52.955360594
14444,18111.0,57.050359549
14452,18113.0,60.013979022
14461,18115.0,39.571884994
14462,18117.0,48.960397634
14466,18119.0,51.740406362
14474,18121.0,57.90664995
14481,18123.0,44.505743505
14490,18125.0,42.045144418
14496,18127.0,60.789469805
14505,18129.0,46.72638676
14511,18131.0,53.849235753
14516,18133.0,52.673206081
14524,18135.0,55.607277432
14533,18137.0,43.290789272
14541,18139.0,53.849235753
14548,18141.0,64.332778594
14568,18143.0,40.123177019
14571,18145.0,53.733385283
14578,18147.0,52.032050445
14588,18149.0,58.891430112
14594,18151.0,60.592005572
14600,18153.0,46.58675726
14608,18155.0,45.568470204
14612,18157.0,59.381013479
14623,18159.0,48.916339393
14628,18161.0,48.596452957
14631,18163.0,47.777021432
14640,18165.0,48.403942568
14647,18167.0,57.050359549
14656,18169.0,55.572737087
14664,18171.0,53.614762062
14668,18173.0,41.070146017
14674,18175.0,48.452775667
14679,18177.0,58.867714662
14692,18179.0,47.310180668
14702,18181.0,62.356513227
14710,18183.0,54.11980318
14714,19001.0,33.506218256
14719,19005.0,52.148679813
14726,19007.0,40.619242629
14735,19009.0,39.855191785
14741,19011.0,50.896443842
14756,19013.0,44.054840116
14767,19015.0,41.677826812
14774,19017.0,48.736082457
14782,19019.0,50.022354747
14793,19021.0,38.609546931
14802,19023.0,49.500133301
14813,19025.0,45.207837049
14822,19027.0,47.887170842
14834,19029.0,49.842097811
14842,19031.0,51.639249392
14850,19033.0,54.449360877
14860,19035.0,41.864887482
14868,19037.0,52.610596582
14874,19039.0,40.377413231
14877,19041.0,30.974301112
14886,19043.0,55.595790708
14901,19045.0,50.836726018
14915,19047.0,44.396804626
14927,19049.0,47.721014966
14944,19051.0,37.414222504
14948,19053.0,46.515439203
14956,19055.0,51.639249392
14966,19057.0,49.500133301
14973,19059.0,42.549632323
14980,19061.0,57.227246475
14994,19063.0,42.549632323
14999,19065.0,51.587886037
15013,19067.0,48.689974967
15020,19069.0,47.05916402
15029,19071.0,48.452775667
15038,19073.0,45.480741906
15045,19075.0,39.571884994
15054,19077.0,47.123119998
15063,19079.0,44.919026072
15072,19081.0,47.490437604
15080,19083.0,51.40380315
15091,19085.0,52.796101289
15101,19087.0,46.064535814
15110,19089.0,48.643434536
15116,19091.0,42.549632323
15127,19093.0,40.849819991
15132,19095.0,47.248608205
15143,19097.0,54.717346111
15157,19099.0,45.739401607
15168,19101.0,44.054840116
15173,19103.0,59.195395245
15185,19105.0,58.497653342
15194,19107.0,43.290789272
15209,19109.0,49.61676267
15221,19111.0,42.045144418
15231,19113.0,58.214346552
15254,19115.0,52.935730789
15261,19117.0,37.845496087
15266,19119.0,39.271397877
15274,19121.0,38.609546931
15282,19123.0,38.242229325
15291,19125.0,40.123177019
15303,19127.0,38.951511441
15316,19129.0,50.397253062
15324,19131.0,47.941340992
15330,19133.0,50.462471365
15339,19137.0,42.549632323
15344,19139.0,55.138311504
15354,19143.0,37.414222504
15359,19145.0,40.849819991
15369,19147.0,47.123119998
15377,19149.0,45.822706416
15386,19151.0,45.568470204
15394,19153.0,48.047936917
15423,19155.0,53.25930374
15439,19157.0,40.123177019
15447,19159.0,42.219075228
15454,19161.0,39.271397877
15463,19163.0,52.482953834
15482,19165.0,43.426592821
15492,19167.0,40.849819991
15505,19169.0,51.042664459
15520,19171.0,44.919026072
15533,19173.0,38.951511441
15540,19175.0,36.941815743
15547,19177.0,41.483428584
15556,19179.0,40.123177019
15563,19181.0,39.855191785
15576,19183.0,52.125572455
15584,19185.0,41.281093574
15592,19187.0,48.403942568
15605,19189.0,50.984692811
15612,19191.0,53.682893986
15619,19193.0,45.568470204
15642,19195.0,45.1134243
15649,19197.0,50.022354747
15657,20001.0,50.653130234
15664,20003.0,44.612339429
15670,20005.0,45.985229811
15675,20007.0,44.919026072
15682,20009.0,52.032050445
15689,20011.0,47.490437604
15696,20013.0,48.100387348
15703,20015.0,53.994314973
15718,20017.0,51.664732839
15723,20019.0,51.267999601
15728,20021.0,52.032050445
15735,20023.0,28.964605414
15737,20025.0,44.919026072
15740,20027.0,44.171469484
15745,20029.0,38.951511441
15751,20031.0,41.864887482
15756,20033.0,42.045144418
15759,20035.0,48.781764988
15768,20037.0,50.364319257
15780,20039.0,36.419594297
15784,20041.0,51.740406362
15792,20043.0,48.689974967
15799,20045.0,45.822706416
15806,20047.0,42.045144418
15810,20049.0,48.960397634
15815,20051.0,53.563041389
15821,20053.0,47.994925508
15826,20055.0,55.420216762
15829,20057.0,51.240386608
15834,20059.0,52.285106392
15842,20061.0,48.403942568
15844,20063.0,43.813010718
15849,20065.0,42.219075228
15853,20067.0,36.941815743
15854,20069.0,51.814941893
15860,20071.0,43.290789272
15861,20073.0,53.665948604
15869,20075.0,42.219075228
15872,20077.0,46.443079969
15878,20079.0,46.72638676
15885,20081.0,40.377413231
15887,20083.0,38.609546931
15889,20085.0,45.904634223
15898,20087.0,51.613634248
15907,20089.0,51.960732388
15914,20091.0,43.290789272
15946,20093.0,40.849819991
15948,20095.0,48.152288549
15955,20097.0,30.974301112
15958,20099.0,51.40380315
15967,20101.0,47.186261227
15969,20103.0,50.558717485
15976,20105.0,49.539315477
15980,20107.0,52.374014955
15987,20109.0,43.558774506
15990,20111.0,43.151159772
15998,20113.0,50.057632615
16006,20115.0,53.203716023
16018,20117.0,48.82703032
16029,20119.0,40.849819991
16032,20121.0,49.61676267
16036,20123.0,53.766762645
16042,20125.0,54.104289805
16051,20127.0,41.677826812
16056,20131.0,47.490437604
16065,20133.0,53.580341649
16071,20135.0,45.391432833
16078,20137.0,48.452775667
16082,20139.0,50.331165157
16091,20141.0,49.98682399
16096,20143.0,54.405690819
16100,20145.0,41.677826812
16104,20147.0,45.654672715
16111,20149.0,50.092661167
16120,20151.0,50.806595108
16125,20153.0,35.173949443
16129,20155.0,58.777757212
16142,20157.0,50.127443902
16150,20159.0,48.304808874
16158,20161.0,49.34023171
16165,20163.0,50.984692811
16170,20165.0,53.457952235
16177,20167.0,51.37693848
16185,20169.0,52.217362475
16191,20171.0,36.941815743
16192,20173.0,52.816290806
16234,20175.0,43.935400133
16236,20177.0,48.960397634
16258,20179.0,25.529007927
16260,20181.0,42.387108928
16263,20183.0,45.654672715
16269,20185.0,42.859515689
16273,20187.0,28.964605414
16275,20189.0,28.964605414
16277,20191.0,52.0555969
16289,20193.0,46.219439654
16294,20195.0,33.506218256
16297,20197.0,47.941340992
16304,20199.0,32.400202902
16307,20201.0,45.1134243
16318,20203.0,36.941815743
16320,20205.0,53.510775322
16325,20207.0,46.369648708
16329,20209.0,37.414222504
16339,21001.0,38.242229325
16343,21003.0,25.529007927
16346,21005.0,36.419594297
16347,21007.0,52.102356864
16351,21009.0,25.529007927
16358,21011.0,38.951511441
16362,21013.0,42.219075228
16372,21015.0,43.290789272
16379,21017.0,42.549632323
16382,21019.0,43.935400133
16386,21025.0,43.007482482
16392,21027.0,35.173949443
16404,21029.0,28.964605414
16409,21031.0,38.242229325
16413,21033.0,38.242229325
16415,21035.0,53.563041389
16421,21039.0,51.790221047
16424,21043.0,42.387108928
16428,21045.0,38.242229325
16434,21047.0,35.173949443
16442,21049.0,30.974301112
16443,21051.0,34.409898599
16448,21053.0,41.864887482
16449,21055.0,32.400202902
16450,21057.0,36.419594297
16451,21059.0,33.506218256
16457,21061.0,43.558774506
16461,21063.0,30.974301112
16463,21065.0,38.242229325
16465,21067.0,25.529007927
16479,21069.0,28.964605414
16483,21071.0,49.730710664
16517,21073.0,41.864887482
16518,21075.0,38.951511441
16520,21077.0,25.529007927
16523,21079.0,35.173949443
16525,21081.0,33.506218256
16530,21083.0,38.242229325
16540,21085.0,37.845496087
16546,21089.0,42.219075228
16553,21091.0,45.1134243
16556,21093.0,35.173949443
16568,21095.0,50.230351117
16591,21097.0,34.409898599
16593,21099.0,41.281093574
16600,21101.0,45.985229811
16605,21103.0,30.974301112
16615,21105.0,38.242229325
16617,21107.0,42.859515689
16627,21109.0,39.571884994
16631,21111.0,28.964605414
16667,21113.0,45.739401607
16670,21115.0,30.974301112
16687,21117.0,25.529007927
16695,21119.0,39.271397877
16712,21121.0,38.242229325
16726,21123.0,32.400202902
16728,21125.0,30.974301112
16733,21129.0,28.964605414
16735,21131.0,32.400202902
16747,21133.0,46.515439203
16769,21135.0,25.529007927
16774,21137.0,43.290789272
16779,21139.0,45.30048497
16786,21141.0,42.859515689
16791,21143.0,38.242229325
16793,21145.0,36.941815743
16797,21147.0,30.974301112
16802,21149.0,43.68752251
16807,21151.0,40.849819991
16810,21153.0,38.609546931
16813,21155.0,30.974301112
16818,21157.0,52.032050445
16822,21159.0,35.173949443
16829,21161.0,36.941815743
16832,21163.0,34.409898599
16839,21165.0,41.864887482
16843,21167.0,42.859515689
16846,21171.0,44.396804626
16851,21173.0,44.81889096
16853,21175.0,35.173949443
16858,21177.0,45.30048497
16871,21179.0,40.619242629
16879,21181.0,41.864887482
16880,21183.0,42.549632323
16890,21189.0,30.974301112
16891,21191.0,39.271397877
16894,21193.0,38.242229325
16912,21195.0,45.822706416
16947,21197.0,37.845496087
16949,21199.0,39.855191785
16957,21201.0,25.529007927
16958,21203.0,43.813010718
16962,21205.0,34.409898599
16964,21207.0,34.409898599
16966,21211.0,28.964605414
16971,21213.0,25.529007927
16972,21217.0,36.419594297
16974,21219.0,30.974301112
16979,21221.0,30.974301112
16980,21223.0,25.529007927
16982,21225.0,47.186261227
16986,21227.0,25.529007927
16994,21231.0,33.506218256
16996,21233.0,48.736082457
17002,21235.0,43.813010718
17007,21237.0,38.951511441
17011,21239.0,39.855191785
17013,22001.0,51.483534404
17023,22003.0,50.230351117
17030,22005.0,51.56200337
17037,22007.0,34.409898599
17042,22009.0,47.777021432
17054,22011.0,42.045144418
17060,22013.0,57.469469888
17067,22015.0,57.563139185
17075,22017.0,56.139814219
17099,22019.0,54.257280946
17113,22021.0,55.372327313
17117,22023.0,51.184694792
17121,22025.0,51.295459613
17124,22027.0,45.480741906
17129,22029.0,56.381152897
17133,22031.0,55.787534368
17141,22033.0,43.151159772
17163,22035.0,50.984692811
17166,22037.0,44.505743505
17172,22039.0,52.032050445
17180,22041.0,48.689974967
17185,22043.0,54.405690819
17191,22045.0,52.856424786
17196,22047.0,48.736082457
17203,22049.0,57.730399578
17207,22051.0,36.941815743
17224,22053.0,41.864887482
17231,22055.0,55.526305652
17241,22059.0,53.631883044
17246,22061.0,53.783367416
17251,22063.0,50.896443842
17260,22065.0,48.452775667
17262,22067.0,54.420290298
17268,22069.0,56.758975317
17280,22071.0,46.064535814
17297,22073.0,58.580210988
17305,22075.0,48.254488448
17311,22077.0,42.219075228
17325,22079.0,49.578190339
17343,22081.0,53.109661598
17345,22083.0,53.580341649
17348,22085.0,59.811840508
17356,22087.0,43.151159772
17361,22089.0,25.529007927
17370,22091.0,41.281093574
17372,22093.0,47.248608205
17379,22095.0,44.612339429
17384,22097.0,54.463832477
17396,22099.0,56.893549722
17398,22101.0,51.430522996
17405,22103.0,59.466014824
17419,22105.0,51.483534404
17432,22107.0,54.463832477
17435,22109.0,36.941815743
17447,22111.0,61.796913605
17453,22113.0,48.736082457
17459,22115.0,47.05916402
17468,22117.0,52.0555969
17472,22119.0,53.185047378
17482,22121.0,39.571884994
17486,22123.0,48.82703032
17491,22125.0,30.974301112
17495,22127.0,60.130498715
17500,23001.0,57.202360132
17514,23003.0,63.865499335
17552,23005.0,66.033100096
17589,23007.0,57.677790083
17603,23009.0,64.993149466
17641,23011.0,61.796913605
17665,23013.0,56.468709001
17684,23015.0,59.682446106
17709,23017.0,61.463404916
17738,23019.0,63.724754633
17782,23021.0,56.449385314
17794,23023.0,55.163471556
17802,23025.0,62.264530879
17825,23027.0,60.537143579
17843,23029.0,60.088866482
17873,23031.0,62.95140066
17907,24001.0,49.578190339
17922,24003.0,63.259703579
17956,24005.0,55.360282302
17990,24009.0,53.109661598
18003,24011.0,51.587886037
18012,24013.0,51.013763389
18022,24015.0,61.306041875
18035,24017.0,60.575189544
18056,24019.0,46.994371994
18072,24021.0,56.400743908
18096,24023.0,46.72638676
18104,24025.0,61.306041875
18123,24027.0,51.457099571
18144,24029.0,51.483534404
18153,24031.0,53.96244014
18196,24033.0,50.653130234
18230,24035.0,52.307483493
18240,24037.0,54.4348469
18262,24039.0,54.839400637
18269,24041.0,48.152288549
18284,24043.0,56.768061514
18299,24045.0,55.652959963
18315,24047.0,54.535563388
18324,24510.0,54.166054086
18345,25001.0,55.940054693
18390,25003.0,53.332464027
18422,25005.0,59.777334515
18456,25007.0,50.590388644
18462,25009.0,58.667607802
18505,25011.0,53.914240219
18533,25013.0,57.677790083
18570,25015.0,45.822706416
18595,25017.0,59.518409809
18676,25019.0,47.832402114
18678,25021.0,54.376362216
18716,25023.0,57.110026024
18750,25025.0,33.506218256
18782,25027.0,60.959922697
18864,26001.0,51.715310007
18874,26003.0,59.657170582
18884,26005.0,60.952123294
18898,26007.0,56.911220042
18902,26009.0,55.641578742
18912,26011.0,59.348758357
18919,26013.0,47.777021432
18925,26015.0,64.204861315
18933,26017.0,46.862190308
18942,26019.0,54.997600857
18949,26021.0,63.503515981
18971,26023.0,56.722463038
18976,26025.0,61.438701671
18988,26027.0,59.677401302
18995,26029.0,55.479435142
19001,26031.0,55.491194387
19008,26033.0,55.76535751
19023,26035.0,62.0315285
19028,26037.0,61.961984356
19037,26039.0,59.228660601
19039,26041.0,56.282019203
19049,26043.0,47.664368413
19060,26045.0,58.85581425
19071,26047.0,57.485204884
19078,26049.0,68.405377308
19102,26051.0,58.295051501
19105,26053.0,49.768118536
19111,26055.0,60.797529188
19119,26057.0,61.660104315
19133,26059.0,57.804600357
19148,26061.0,53.147497808
19165,26063.0,52.461356765
19179,26065.0,63.049501643
19196,26067.0,51.240386608
19208,26069.0,50.297787796
19216,26071.0,44.505743505
19222,26073.0,58.849853312
19228,26075.0,60.515880057
19245,26077.0,54.62029228
19262,26079.0,57.855887786
19266,26081.0,61.508958261
19294,26083.0,51.0999659
19298,26085.0,59.621566903
19303,26087.0,66.245505925
19314,26089.0,56.429985996
19323,26091.0,60.994868924
19341,26093.0,57.325560828
19351,26095.0,57.160603192
19353,26097.0,62.708267429
19363,26099.0,57.101546092
19399,26101.0,61.291485273
19409,26103.0,59.054335085
19419,26105.0,61.710595612
19426,26107.0,64.190667958
19435,26109.0,58.765638577
19447,26111.0,45.017178179
19453,26113.0,59.707593392
19457,26115.0,56.478342667
19473,26117.0,66.811531567
19489,26119.0,53.240843683
19492,26121.0,61.265907895
19505,26123.0,61.707245481
19511,26125.0,65.189539997
19578,26127.0,61.021879997
19586,26129.0,50.955450723
19590,26131.0,49.61676267
19599,26133.0,59.957061427
19606,26135.0,46.443079969
19610,26137.0,54.361632579
19613,26139.0,59.539213699
19628,26141.0,54.799048831
19634,26143.0,64.247199139
19640,26145.0,52.714510649
19659,26147.0,54.945426487
19680,26149.0,59.272669942
19690,26151.0,55.754231761
19707,26153.0,57.143801415
19712,26155.0,56.390958082
19723,26157.0,57.921058447
19737,26159.0,60.158060525
19750,26161.0,61.730648989
19764,26163.0,56.241803815
19831,26165.0,62.167756223
19837,27001.0,43.558774506
19845,27003.0,49.090270203
19857,27005.0,49.216826511
19867,27007.0,46.142592852
19879,27009.0,39.571884994
19884,27011.0,40.123177019
19890,27013.0,45.654672715
19901,27015.0,45.30048497
19907,27017.0,47.549095323
19918,27019.0,40.619242629
19930,27021.0,42.549632323
19941,27023.0,25.529007927
19946,27025.0,47.490437604
19956,27027.0,44.612339429
19967,27031.0,55.07484688
19973,27033.0,38.609546931
19979,27035.0,49.842097811
19992,27037.0,48.871886006
20011,27039.0,39.571884994
20017,27041.0,47.664368413
20027,27043.0,36.419594297
20037,27045.0,46.515439203
20049,27047.0,43.813010718
20061,27049.0,52.374014955
20071,27051.0,42.045144418
20078,27053.0,49.805246196
20142,27055.0,42.549632323
20149,27057.0,41.864887482
20154,27059.0,37.414222504
20159,27061.0,43.558774506
20182,27063.0,39.271397877
20187,27065.0,36.941815743
20190,27067.0,48.781764988
20201,27069.0,37.845496087
20209,27071.0,50.161984247
20217,27073.0,43.151159772
20222,27075.0,50.092661167
20228,27077.0,53.386634178
20230,27079.0,42.706995364
20238,27081.0,33.506218256
20243,27083.0,30.974301112
20253,27085.0,42.045144418
20261,27087.0,37.845496087
20266,27089.0,40.377413231
20277,27091.0,39.271397877
20286,27093.0,46.142592852
20293,27095.0,41.281093574
20301,27097.0,45.30048497
20312,27099.0,45.904634223
20326,27101.0,41.483428584
20334,27103.0,39.571884994
20339,27105.0,40.849819991
20350,27107.0,42.549632323
20359,27109.0,45.30048497
20368,27111.0,52.351936881
20387,27113.0,43.007482482
20390,27115.0,46.72638676
20401,27117.0,35.835800389
20408,27119.0,46.862190308
20423,27121.0,40.849819991
20428,27123.0,43.151159772
20447,27127.0,43.290789272
20461,27129.0,45.739401607
20471,27131.0,47.310180668
20479,27133.0,37.414222504
20487,27135.0,50.127443902
20495,27137.0,58.661416022
20540,27139.0,45.568470204
20548,27141.0,46.219439654
20553,27143.0,44.81889096
20560,27145.0,48.916339393
20585,27147.0,41.281093574
20590,27149.0,33.506218256
20595,27151.0,41.070146017
20602,27153.0,39.571884994
20613,27155.0,40.619242629
20617,27157.0,41.070146017
20626,27161.0,37.414222504
20630,27163.0,47.43107738
20647,27165.0,35.835800389
20655,27167.0,46.862190308
20662,27169.0,46.515439203
20670,27171.0,47.490437604
20684,27173.0,38.951511441
20691,28001.0,36.419594297
20692,28003.0,40.123177019
20695,28005.0,42.859515689
20698,28007.0,47.248608205
20702,28009.0,47.310180668
20706,28011.0,54.689809821
20719,28013.0,47.310180668
20726,28015.0,44.612339429
20730,28017.0,48.403942568
20734,28019.0,42.706995364
20737,28021.0,55.90776455
20740,28023.0,46.657063679
20744,28025.0,43.151159772
20748,28027.0,57.13537912
20755,28029.0,48.689974967
20759,28031.0,39.571884994
20762,28033.0,47.777021432
20770,28035.0,46.72638676
20773,28037.0,42.859515689
20777,28039.0,49.878677457
20778,28041.0,45.207837049
20782,28043.0,49.216826511
20785,28045.0,48.82703032
20790,28047.0,50.429969481
20800,28049.0,56.170632056
20817,28051.0,50.558717485
20824,28053.0,50.590388644
20829,28055.0,48.781764988
20832,28057.0,45.1134243
20837,28059.0,54.420290298
20844,28061.0,45.985229811
20852,28063.0,50.745778155
20855,28065.0,41.281093574
20859,28067.0,49.460638913
20866,28069.0,44.396804626
20870,28071.0,51.042664459
20873,28073.0,45.1134243
20877,28075.0,45.391432833
20886,28077.0,45.30048497
20891,28079.0,44.171469484
20894,28081.0,52.589549758
20904,28083.0,45.822706416
20910,28085.0,43.426592821
20913,28087.0,49.914989117
20920,28089.0,45.822706416
20925,28091.0,45.985229811
20928,28093.0,46.794753629
20933,28095.0,48.203651905
20939,28097.0,52.482953834
20942,28099.0,43.426592821
20944,28101.0,47.43107738
20951,28103.0,45.30048497
20954,28105.0,55.299614232
20957,28107.0,56.740752798
20963,28109.0,47.887170842
20966,28111.0,49.460638913
20969,28113.0,52.307483493
20973,28115.0,43.935400133
20977,28117.0,41.281093574
20980,28119.0,52.816290806
20985,28121.0,53.946425523
20992,28123.0,49.98682399
20996,28125.0,52.547186086
21000,28127.0,43.151159772
21006,28129.0,45.904634223
21010,28131.0,41.281093574
21013,28133.0,52.547186086
21021,28135.0,55.200973773
21029,28137.0,50.364319257
21032,28139.0,44.81889096
21038,28141.0,43.426592821
21043,28143.0,40.619242629
21046,28145.0,41.070146017
21051,28147.0,34.409898599
21053,28149.0,48.501132338
21056,28151.0,49.842097811
21063,28153.0,46.064535814
21065,28155.0,42.549632323
21071,28157.0,41.281093574
21074,28159.0,44.396804626
21076,28161.0,43.151159772
21080,28163.0,46.794753629
21085,29001.0,40.123177019
21090,29003.0,42.859515689
21098,29005.0,32.400202902
21103,29007.0,41.677826812
21111,29009.0,55.982783574
21121,29011.0,43.813010718
21125,29013.0,51.790221047
21133,29015.0,57.647474885
21138,29017.0,45.654672715
21145,29019.0,45.904634223
21155,29021.0,34.409898599
21166,29023.0,50.621858714
21175,29025.0,49.380693318
21182,29027.0,44.612339429
21192,29029.0,60.716339503
21202,29031.0,48.689974967
21212,29033.0,45.904634223
21219,29035.0,44.054840116
21222,29037.0,51.40380315
21235,29039.0,57.284833241
21238,29041.0,42.387108928
21246,29043.0,52.079032024
21258,29045.0,41.281093574
21264,29047.0,48.100387348
21281,29049.0,28.964605414
21287,29051.0,51.349927408
21295,29053.0,48.501132338
21302,29055.0,54.997600857
21308,29057.0,46.58675726
21314,29059.0,48.100387348
21321,29061.0,42.549632323
21329,29063.0,42.859515689
21336,29065.0,41.677826812
21340,29067.0,45.1134243
21343,29069.0,53.368643162
21354,29071.0,55.323970642
21373,29073.0,50.494761508
21378,29075.0,41.483428584
21384,29077.0,57.437849242
21400,29079.0,43.813010718
21404,29081.0,43.007482482
21413,29083.0,46.862190308
21420,29085.0,53.994314973
21426,29087.0,46.142592852
21431,29089.0,47.248608205
21436,29091.0,42.045144418
21444,29093.0,53.071534337
21452,29095.0,43.813010718
21507,29097.0,51.639249392
21523,29099.0,57.268448037
21537,29101.0,43.935400133
21545,29103.0,41.677826812
21551,29105.0,48.452775667
21557,29107.0,46.064535814
21569,29109.0,56.056684061
21580,29111.0,39.571884994
21588,29113.0,54.506995473
21598,29115.0,41.677826812
21607,29117.0,39.271397877
21614,29119.0,56.731616354
21623,29121.0,44.716691062
21633,29123.0,47.607066972
21635,29125.0,50.092661167
21640,29127.0,35.173949443
21645,29129.0,42.549632323
21647,29131.0,54.799048831
21655,29133.0,51.613634248
21660,29135.0,48.781764988
21665,29137.0,46.862190308
21671,29139.0,49.34023171
21679,29141.0,57.101546092
21687,29143.0,53.930358995
21700,29145.0,54.785524895
21707,29147.0,46.515439203
21722,29149.0,47.941340992
21727,29151.0,51.984619275
21735,29153.0,54.866120483
21745,29155.0,48.916339393
21754,29157.0,48.960397634
21760,29159.0,56.129498878
21767,29161.0,53.682893986
21772,29163.0,44.505743505
21779,29165.0,48.354623559
21791,29167.0,51.128370101
21802,29169.0,51.240386608
21810,29171.0,43.007482482
21815,29173.0,41.070146017
21819,29175.0,39.855191785
21827,29177.0,41.864887482
21834,29179.0,55.176003849
21840,29181.0,45.017178179
21845,29183.0,55.526305652
21859,29185.0,50.462471365
21864,29186.0,46.92872177
21867,29187.0,55.150907495
21875,29189.0,48.354623559
21918,29195.0,51.128370101
21928,29197.0,41.677826812
21932,29199.0,45.30048497
21936,29201.0,54.62029228
21947,29203.0,43.151159772
21950,29205.0,34.409898599
21958,29207.0,47.941340992
21966,29209.0,63.135660081
21974,29211.0,41.483428584
21982,29213.0,60.46877671
21997,29215.0,46.064535814
22010,29217.0,40.123177019
22021,29219.0,44.919026072
22025,29221.0,53.440218694
22034,29223.0,52.876370565
22041,29225.0,51.349927408
22045,29227.0,36.419594297
22050,29229.0,48.354623559
22057,29510.0,44.716691062
22075,30001.0,59.364912156
22083,30003.0,58.91503263
22093,30005.0,55.76535751
22100,30007.0,55.5029258
22103,30009.0,59.811840508
22113,30011.0,45.822706416
22118,30013.0,61.629560792
22133,30015.0,56.150108136
22140,30017.0,49.768118536
22143,30019.0,41.864887482
22146,30021.0,61.89790435
22150,30023.0,52.417878245
22152,30025.0,54.272323505
22154,30027.0,55.537954352
22163,30029.0,65.351206586
22178,30031.0,67.788068278
22187,30033.0,52.796101289
22192,30035.0,55.875262667
22196,30037.0,46.994371994
22198,30039.0,52.631554412
22201,30041.0,54.634274008
22208,30043.0,57.185699547
22213,30045.0,47.777021432
22219,30047.0,58.90324542
22231,30049.0,66.305504875
22239,30051.0,48.689974967
22243,30053.0,60.399453629
22250,30055.0,51.690085935
22254,30057.0,59.099912597
22266,30059.0,54.33204133
22268,30061.0,50.590388644
22273,30063.0,63.522140782
22286,30065.0,42.219075228
22289,30067.0,62.904245256
22296,30069.0,50.926035091
22297,30071.0,58.990973718
22303,30073.0,48.781764988
22308,30075.0,39.571884994
22314,30077.0,49.500133301
22321,30079.0,56.592509391
22323,30081.0,60.257829153
22332,30083.0,57.177348206
22338,30085.0,38.951511441
22343,30087.0,55.842546248
22350,30089.0,59.133822783
22359,30091.0,51.349927408
22367,30093.0,55.396329875
22372,30095.0,58.516827523
22379,30097.0,50.684205693
22383,30099.0,54.346859037
22389,30101.0,54.866120483
22395,30103.0,51.184694792
22398,30105.0,56.231698776
22408,30107.0,41.281093574
22412,30109.0,42.219075228
22413,30111.0,61.154770516
22427,31001.0,46.862190308
22433,31003.0,43.558774506
22440,31005.0,34.409898599
22441,31007.0,36.419594297
22442,31011.0,38.951511441
22447,31013.0,35.173949443
22449,31015.0,35.835800389
22454,31019.0,47.310180668
22465,31021.0,30.974301112
22470,31023.0,39.855191785
22480,31025.0,55.299614232
22495,31027.0,45.985229811
22504,31029.0,41.864887482
22508,31031.0,40.849819991
22516,31033.0,35.835800389
22521,31035.0,49.98682399
22532,31037.0,47.777021432
22537,31039.0,46.515439203
22541,31041.0,43.007482482
22552,31043.0,30.974301112
22557,31045.0,49.578190339
22561,31047.0,46.142592852
22568,31051.0,49.380693318
22577,31053.0,42.549632323
22587,31055.0,48.354623559
22619,31057.0,30.974301112
22623,31059.0,38.951511441
22631,31061.0,30.974301112
22638,31063.0,39.271397877
22642,31065.0,32.400202902
22650,31067.0,42.387108928
22662,31069.0,34.409898599
22664,31071.0,38.609546931
22665,31073.0,39.271397877
22667,31077.0,37.845496087
22671,31079.0,48.254488448
22677,31081.0,46.295113176
22683,31083.0,30.974301112
22687,31085.0,30.974301112
22688,31087.0,40.377413231
22692,31089.0,36.419594297
22701,31091.0,34.409898599
22702,31093.0,30.974301112
22708,31095.0,47.664368413
22716,31097.0,34.409898599
22721,31099.0,36.941815743
22725,31101.0,48.354623559
22731,31103.0,30.974301112
22733,31105.0,30.974301112
22736,31107.0,48.689974967
22744,31109.0,47.310180668
22778,31111.0,49.539315477
22786,31113.0,30.974301112
22787,31115.0,38.951511441
22788,31119.0,43.813010718
22794,31123.0,48.304808874
22797,31125.0,40.849819991
22800,31127.0,38.951511441
22807,31129.0,30.974301112
22813,31131.0,45.1134243
22823,31133.0,34.409898599
22829,31135.0,30.974301112
22833,31137.0,37.845496087
22838,31139.0,45.654672715
22842,31141.0,49.174999094
22849,31143.0,30.974301112
22853,31145.0,43.290789272
22858,31149.0,32.400202902
22860,31151.0,38.951511441
22868,31153.0,48.549021787
22880,31155.0,50.896443842
22894,31157.0,45.017178179
22902,31159.0,42.387108928
22912,31161.0,30.974301112
22918,31163.0,34.409898599
22923,31167.0,36.419594297
22925,31169.0,34.409898599
22936,31171.0,36.419594297
22939,31173.0,39.271397877
22945,31175.0,30.974301112
22949,31177.0,48.781764988
22955,31179.0,34.409898599
22959,31181.0,37.845496087
22964,31183.0,40.619242629
22966,31185.0,46.92872177
22973,32001.0,59.850984005
22974,32003.0,65.503093947
23047,32005.0,55.138311504
23056,32007.0,56.400743908
23068,32009.0,50.526842652
23071,32011.0,44.396804626
23073,32013.0,56.014590225
23077,32015.0,48.152288549
23079,32017.0,54.257280946
23083,32019.0,59.206508522
23089,32021.0,54.4348469
23093,32023.0,60.262316721
23101,32027.0,59.133822783
23102,32029.0,51.013763389
23103,32031.0,64.153983025
23127,32033.0,47.43107738
23133,33001.0,61.094462311
23147,33003.0,61.494986386
23174,33005.0,56.251888293
23198,33007.0,57.985383323
23212,33009.0,61.777127074
23247,33011.0,60.833635114
23281,33013.0,60.712244897
23307,33015.0,63.949346166
23342,33017.0,58.034842944
23358,33019.0,52.461356765
23373,34001.0,64.582869485
23397,34003.0,61.987386177
23463,34005.0,67.106525135
23494,34007.0,61.417429023
23527,34009.0,63.677688076
23540,34011.0,64.868989549
23556,34013.0,61.95242501
23587,34015.0,64.808413072
23611,34017.0,43.007482482
23627,34019.0,65.454553959
23645,34021.0,62.397500627
23666,34023.0,55.549575739
23702,34025.0,63.175692763
23751,34027.0,67.028110146
23795,34029.0,64.92007906
23824,34031.0,62.359452166
23851,34033.0,61.710595612
23861,34035.0,58.861768028
23883,34037.0,66.881635732
23901,34039.0,42.219075228
23927,34041.0,63.841591499
23940,35001.0,62.05969951
23961,35003.0,52.796101289
23968,35005.0,51.535984835
23973,35006.0,58.40717981
23983,35007.0,62.02210247
23990,35009.0,56.025147246
23995,35013.0,59.918749975
24015,35015.0,58.879586571
24019,35017.0,53.96244014
24033,35019.0,50.866674867
24038,35021.0,35.173949443
24042,35023.0,53.898068852
24045,35025.0,55.125683423
24052,35027.0,58.704596925
24064,35028.0,35.835800389
24066,35029.0,53.457952235
24068,35031.0,55.384343124
24088,35033.0,57.609318272
24096,35035.0,61.04491576
24106,35037.0,49.004067692
24113,35039.0,62.743739506
24133,35041.0,47.43107738
24141,35043.0,60.64211403
24159,35045.0,56.321910923
24176,35047.0,59.228660601
24188,35049.0,61.041083893
24200,35051.0,58.433198345
24208,35053.0,55.514629511
24217,35055.0,59.01410804
24232,35057.0,59.544401056
24237,35059.0,48.452775667
24245,35061.0,63.284144059
24251,37001.0,57.19403684
24260,37003.0,42.859515689
24263,37005.0,50.896443842
24268,37007.0,51.790221047
24275,37009.0,56.088021486
24286,37011.0,49.34023171
24292,37013.0,55.549575739
24301,37015.0,37.414222504
24308,37017.0,48.403942568
24316,37019.0,49.61676267
24328,37021.0,67.435845456
24342,37023.0,49.004067692
24349,37025.0,57.30930993
24356,37027.0,47.664368413
24361,37029.0,25.529007927
24364,37031.0,55.049231735
24381,37033.0,59.008334575
24388,37035.0,56.831202743
24397,37037.0,55.787534368
24404,37039.0,52.008391596
24407,37041.0,43.935400133
24409,37043.0,51.960732388
24412,37045.0,42.706995364
24422,37047.0,51.430522996
24436,37049.0,47.490437604
24444,37051.0,57.252008489
24459,37053.0,50.866674867
24474,37055.0,45.739401607
24487,37057.0,48.152288549
24493,37059.0,44.612339429
24496,37061.0,53.052360157
24507,37063.0,59.156301367
24515,37065.0,48.643434536
24521,37067.0,43.68752251
24536,37069.0,57.485204884
24540,37071.0,58.611601337
24554,37073.0,38.951511441
24561,37075.0,50.127443902
24564,37077.0,52.395995122
24570,37079.0,44.505743505
24574,37081.0,62.420770714
24598,37083.0,45.654672715
24606,37085.0,40.619242629
24615,37087.0,54.717346111
24621,37089.0,55.76535751
24632,37091.0,51.240386608
24639,37093.0,52.148679813
24640,37095.0,30.974301112
24645,37097.0,53.849235753
24653,37099.0,58.32166375
24663,37101.0,53.631883044
24673,37103.0,41.070146017
24675,37105.0,47.721014966
24677,37107.0,44.716691062
24681,37109.0,47.05916402
24686,37111.0,54.478261947
24689,37113.0,55.776458343
24694,37115.0,53.440218694
24697,37117.0,45.985229811
24704,37119.0,52.916022932
24733,37121.0,53.128615807
24735,37123.0,49.500133301
24741,37125.0,60.306970352
24753,37127.0,56.740752798
24763,37129.0,58.478404699
24773,37131.0,48.304808874
24784,37133.0,58.843885196
24796,37135.0,59.327137737
24802,37137.0,42.387108928
24809,37139.0,35.173949443
24810,37141.0,52.693901391
24816,37143.0,44.505743505
24819,37145.0,49.655037141
24825,37147.0,45.739401607
24837,37149.0,53.528258654
24841,37151.0,58.580210988
24853,37153.0,49.655037141
24859,37155.0,50.526842652
24873,37157.0,58.159803834
24879,37159.0,58.586504982
24891,37161.0,53.597581735
24900,37163.0,52.735034568
24911,37165.0,48.82703032
24916,37167.0,50.806595108
24925,37169.0,55.549575739
24933,37171.0,58.42020615
24943,37173.0,56.056684061
24945,37175.0,53.350586604
24952,37177.0,41.483428584
24953,37179.0,51.295459613
24960,37181.0,54.420290298
24965,37183.0,65.370449002
24998,37185.0,48.596452957
25002,37187.0,47.310180668
25005,37189.0,55.07484688
25011,37191.0,50.297787796
25018,37193.0,53.597581735
25030,37195.0,56.119162025
25038,37197.0,55.561169942
25043,37199.0,46.443079969
25045,38003.0,42.045144418
25057,38005.0,49.768118536
25068,38007.0,39.855191785
25070,38009.0,50.866674867
25079,38011.0,25.529007927
25082,38013.0,42.706995364
25088,38015.0,41.864887482
25098,38017.0,47.549095323
25121,38019.0,40.123177019
25130,38021.0,47.37099762
25134,38023.0,35.835800389
25138,38025.0,43.558774506
25143,38027.0,40.619242629
25145,38029.0,43.007482482
25151,38033.0,38.951511441
25154,38035.0,45.568470204
25169,38037.0,36.941815743
25174,38039.0,38.951511441
25179,38041.0,41.483428584
25182,38043.0,41.070146017
25188,38045.0,43.426592821
25196,38049.0,44.396804626
25208,38051.0,36.419594297
25212,38053.0,52.755473853
25219,38055.0,41.281093574
25232,38057.0,41.864887482
25237,38059.0,46.443079969
25245,38061.0,43.813010718
25252,38063.0,43.68752251
25259,38065.0,36.419594297
25260,38067.0,42.706995364
25271,38069.0,34.409898599
25274,38073.0,36.419594297
25278,38075.0,37.845496087
25282,38077.0,41.677826812
25295,38079.0,50.836726018
25301,38081.0,39.855191785
25309,38083.0,40.849819991
25313,38085.0,42.045144418
25316,38087.0,36.419594297
25318,38089.0,40.377413231
25325,38091.0,34.409898599
25329,38093.0,35.173949443
25340,38095.0,43.813010718
25345,38097.0,42.219075228
25354,38099.0,36.941815743
25365,38101.0,45.391432833
25379,38103.0,45.654672715
25386,38105.0,50.866674867
25395,39001.0,38.242229325
25402,39003.0,51.267999601
25415,39005.0,53.946425523
25424,39007.0,53.881844551
25439,39009.0,46.794753629
25454,39011.0,46.58675726
25463,39013.0,51.042664459
25484,39015.0,44.054840116
25494,39017.0,47.941340992
25507,39019.0,52.816290806
25515,39021.0,51.483534404
25523,39023.0,56.035681829
25537,39025.0,45.207837049
25553,39027.0,35.835800389
25562,39029.0,57.999565076
25579,39031.0,48.960397634
25587,39033.0,44.505743505
25595,39035.0,41.483428584
25646,39037.0,50.462471365
25662,39039.0,53.386634178
25668,39041.0,42.387108928
25678,39043.0,44.285417479
25685,39045.0,53.25930374
25698,39047.0,45.207837049
25702,39049.0,55.526305652
25745,39051.0,50.196285557
25753,39053.0,37.845496087
25761,39055.0,61.060213671
25772,39057.0,50.397253062
25786,39059.0,51.587886037
25799,39061.0,47.43107738
25851,39063.0,49.768118536
25863,39065.0,48.047936917
25872,39067.0,51.184694792
25880,39069.0,54.088727722
25890,39071.0,46.92872177
25897,39073.0,51.740406362
25905,39075.0,55.250539381
25919,39077.0,47.05916402
25929,39079.0,40.619242629
25934,39081.0,51.184694792
25955,39083.0,49.299437081
25963,39085.0,46.657063679
25971,39087.0,41.070146017
25980,39089.0,54.549785835
25994,39091.0,55.918551321
26007,39093.0,46.72638676
26022,39095.0,51.0999659
26047,39097.0,56.231698776
26053,39099.0,54.984608663
26080,39101.0,51.960732388
26088,39103.0,50.022354747
26100,39105.0,45.904634223
26111,39107.0,53.185047378
26121,39109.0,52.19457384
26132,39111.0,41.677826812
26141,39113.0,53.314274944
26172,39115.0,50.494761508
26176,39117.0,42.706995364
26183,39119.0,50.558717485
26200,39121.0,44.054840116
26206,39123.0,50.462471365
26219,39125.0,50.364319257
26228,39127.0,51.715310007
26238,39129.0,52.307483493
26246,39131.0,46.862190308
26250,39133.0,57.084542578
26265,39135.0,48.736082457
26277,39137.0,53.766762645
26290,39139.0,55.07484688
26301,39141.0,42.387108928
26310,39143.0,52.816290806
26319,39145.0,45.017178179
26333,39147.0,55.275137543
26346,39149.0,50.462471365
26357,39151.0,58.747404885
26390,39153.0,60.621297034
26422,39155.0,55.618737598
26447,39157.0,54.449360877
26463,39159.0,47.123119998
26471,39161.0,52.693901391
26480,39163.0,42.219075228
26486,39165.0,58.32166375
26498,39167.0,49.805246196
26514,39169.0,56.545259086
26529,39171.0,48.960397634
26539,39173.0,54.703597088
26565,39175.0,46.657063679
26573,40001.0,53.665948604
26576,40003.0,56.478342667
26584,40005.0,56.639313511
26589,40007.0,60.408172223
26594,40009.0,56.749872432
26599,40011.0,57.050359549
26607,40013.0,58.334916484
26618,40015.0,62.176909539
26630,40017.0,56.94637281
26636,40019.0,56.758975317
26648,40021.0,64.911308009
26656,40023.0,59.077176229
26664,40025.0,54.257280946
26667,40027.0,65.389617003
26678,40029.0,49.258303903
26683,40031.0,61.585107404
26696,40033.0,53.332464027
26700,40035.0,58.599069043
26705,40037.0,65.036137762
26716,40039.0,55.754231761
26722,40041.0,65.073661488
26730,40043.0,51.613634248
26738,40045.0,55.225818534
26742,40047.0,59.647024172
26756,40049.0,57.235514232
26764,40051.0,70.516688577
26775,40053.0,60.280226477
26782,40055.0,56.795220593
26785,40057.0,48.152288549
26787,40059.0,56.035681829
26791,40061.0,53.946425523
26798,40063.0,56.311968052
26805,40065.0,57.252008489
26813,40067.0,56.92882759
26819,40069.0,54.041746143
26829,40071.0,54.405690819
26837,40073.0,60.315853006
26844,40075.0,53.898068852
26851,40077.0,56.526232116
26854,40079.0,60.541385359
26873,40081.0,65.284892234
26883,40083.0,65.134457719
26891,40085.0,44.919026072
26896,40087.0,54.879426584
26903,40089.0,59.899482625
26918,40091.0,58.288376053
26924,40093.0,57.30930993
26931,40095.0,52.329760023
26934,40097.0,61.367434887
26944,40099.0,49.878677457
26947,40101.0,61.588541086
26958,40103.0,60.87344673
26964,40105.0,59.928355636
26968,40107.0,56.261952295
26973,40109.0,69.210775405
27025,40111.0,62.914763074
27034,40113.0,67.540241048
27045,40115.0,59.884982801
27052,40117.0,61.466923922
27059,40119.0,59.359533404
27066,40121.0,62.084606696
27079,40123.0,46.369648708
27086,40125.0,68.419239284
27096,40127.0,60.217257143
27104,40129.0,53.563041389
27110,40131.0,55.479435142
27117,40133.0,62.705528264
27123,40135.0,53.510775322
27131,40137.0,54.945426487
27137,40139.0,62.012658479
27144,40141.0,56.620644865
27151,40143.0,51.457099571
27187,40145.0,59.559930634
27193,40147.0,55.607277432
27201,40149.0,56.19107134
27211,40151.0,53.545680533
27215,40153.0,57.586282509
27220,41001.0,59.402400867
27230,41003.0,61.203236305
27235,41005.0,69.198961857
27259,41007.0,59.909125662
27266,41009.0,65.518651146
27274,41011.0,66.953088627
27282,41013.0,54.025986131
27285,41015.0,61.839515357
27291,41017.0,60.704045525
27299,41019.0,67.249880271
27323,41021.0,45.207837049
27325,41023.0,53.849235753
27334,41025.0,54.391048211
27343,41027.0,57.202360132
27346,41029.0,69.151424066
27361,41031.0,55.049231735
27367,41033.0,69.120728809
27377,41035.0,61.367434887
27392,41037.0,57.101546092
27401,41039.0,68.374918397
27435,41041.0,65.597242095
27452,41043.0,65.082150135
27466,41045.0,63.856818914
27478,41047.0,65.443527215
27501,41049.0,61.120937487
27506,41051.0,63.052057209
27538,41053.0,57.624616184
27545,41055.0,48.871886006
27550,41057.0,62.29438952
27563,41059.0,64.196755803
27576,41061.0,55.630171327
27583,41063.0,57.877706689
27588,41065.0,59.616459721
27594,41067.0,64.413024097
27615,41069.0,45.822706416
27618,41071.0,62.435259235
27628,42001.0,65.333501837
27641,42003.0,60.271279688
27738,42005.0,60.64211403
27761,42007.0,65.561953307
27781,42009.0,64.631408293
27804,42011.0,70.924437517
27850,42013.0,61.536784408
27865,42015.0,65.749299111
27887,42017.0,72.427756155
27930,42019.0,68.187219773
27961,42021.0,66.529632399
28007,42023.0,57.63224747
28010,42025.0,69.547870238
28024,42027.0,67.770348825
28051,42029.0,68.702546074
28084,42031.0,62.170809207
28108,42033.0,62.535510085
28150,42035.0,64.172359431
28162,42037.0,70.357186414
28173,42039.0,67.302180807
28193,42041.0,63.10036427
28210,42043.0,63.932262067
28235,42045.0,58.227888963
28271,42047.0,60.740836354
28283,42049.0,67.541273979
28311,42051.0,61.184651658
28366,42053.0,52.032050445
28372,42055.0,65.885303015
28395,42057.0,59.662236009
28405,42059.0,54.302272355
28428,42061.0,64.135538234
28456,42063.0,62.189087726
28498,42065.0,63.059716009
28522,42067.0,62.501366302
28532,42069.0,65.504651866
28556,42071.0,69.29704149
28605,42073.0,62.264530879
28621,42075.0,61.872038567
28633,42077.0,62.261535098
28660,42079.0,70.567987672
28696,42081.0,70.891973403
28717,42085.0,66.044288632
28736,42087.0,55.467647932
28747,42089.0,75.128631781
28775,42091.0,70.98667359
28831,42093.0,59.692520336
28833,42095.0,64.281209699
28854,42097.0,64.77964828
28877,42099.0,64.767010999
28891,42101.0,49.500133301
28938,42103.0,73.357252597
28951,42105.0,65.087236353
28961,42107.0,70.731813444
29014,42109.0,63.852472995
29024,42111.0,66.714863082
29057,42113.0,57.782456525
29066,42115.0,65.518651146
29087,42117.0,66.229382778
29108,42119.0,61.428076759
29120,42121.0,62.964420156
29134,42123.0,58.56128091
29149,42125.0,62.560964449
29203,42127.0,70.325485246
29224,42129.0,64.255222645
29301,42131.0,67.183718851
29310,42133.0,67.483095761
29351,44001.0,43.426592821
29354,44003.0,53.733385283
29362,44005.0,55.113023085
29369,44007.0,65.617077354
29405,44009.0,64.301107435
29424,45001.0,42.706995364
29429,45003.0,46.443079969
29446,45005.0,37.414222504
29450,45007.0,40.849819991
29462,45009.0,38.609546931
29466,45011.0,39.271397877
29470,45013.0,40.619242629
29482,45015.0,47.549095323
29495,45017.0,34.409898599
29497,45019.0,47.43107738
29519,45021.0,40.123177019
29522,45023.0,32.400202902
29528,45025.0,42.706995364
29536,45027.0,45.822706416
29543,45029.0,43.935400133
29554,45031.0,40.377413231
29559,45033.0,32.400202902
29566,45035.0,46.515439203
29575,45037.0,30.974301112
29579,45039.0,46.862190308
29583,45041.0,40.619242629
29594,45043.0,43.151159772
29597,45045.0,41.677826812
29616,45047.0,37.845496087
29623,45049.0,39.571884994
29633,45051.0,42.045144418
29649,45053.0,42.706995364
29653,45055.0,41.281093574
29660,45057.0,35.173949443
29664,45059.0,38.242229325
29672,45061.0,25.529007927
29675,45063.0,54.346859037
29689,45065.0,44.81889096
29695,45069.0,39.855191785
29701,45071.0,38.242229325
29709,45073.0,43.290789272
29720,45075.0,44.285417479
29736,45077.0,42.706995364
29745,45079.0,50.161984247
29759,45081.0,47.43107738
29761,45083.0,37.845496087
29789,45085.0,40.377413231
29796,45087.0,46.142592852
29801,45089.0,45.207837049
29808,45091.0,48.549021787
29819,46003.0,25.529007927
29822,46005.0,35.835800389
29830,46009.0,41.864887482
29835,46011.0,52.504457206
29842,46013.0,50.196285557
29853,46015.0,34.409898599
29856,46017.0,30.974301112
29858,46019.0,47.549095323
29862,46021.0,37.414222504
29865,46023.0,39.855191785
29872,46025.0,52.589549758
29878,46027.0,34.409898599
29881,46029.0,49.842097811
29887,46031.0,45.985229811
29897,46033.0,49.004067692
29902,46035.0,32.400202902
29905,46037.0,38.242229325
29912,46039.0,30.974301112
29918,46041.0,32.400202902
29925,46043.0,47.37099762
29929,46045.0,39.271397877
29933,46047.0,50.297787796
29938,46049.0,40.123177019
29942,46051.0,42.549632323
29950,46053.0,30.974301112
29957,46055.0,38.951511441
29960,46057.0,38.951511441
29966,46059.0,40.619242629
29971,46061.0,35.173949443
29974,46067.0,40.123177019
29980,46069.0,30.974301112
29983,46071.0,40.123177019
29988,46075.0,34.409898599
29991,46077.0,39.571884994
29998,46079.0,41.677826812
30004,46081.0,54.010175848
30009,46083.0,41.281093574
30017,46087.0,36.419594297
30022,46089.0,40.123177019
30025,46091.0,42.549632323
30030,46093.0,53.422421477
30039,46095.0,34.409898599
30042,46097.0,36.419594297
30047,46099.0,39.855191785
30064,46101.0,52.482953834
30068,46103.0,57.655071084
30081,46105.0,34.409898599
30085,46107.0,41.483428584
30089,46109.0,47.832402114
30098,46111.0,51.212618919
30102,46113.0,41.483428584
30109,46115.0,42.045144418
30119,46123.0,36.419594297
30124,46125.0,39.271397877
30132,46127.0,36.941815743
30137,46129.0,40.123177019
30142,46135.0,49.258303903
30149,46137.0,30.974301112
30151,47001.0,43.151159772
30158,47003.0,43.68752251
30162,47005.0,42.549632323
30166,47007.0,38.242229325
30168,47009.0,41.864887482
30178,47011.0,28.964605414
30184,47013.0,55.188504535
30191,47015.0,25.529007927
30194,47017.0,48.047936917
30206,47019.0,46.794753629
30210,47021.0,33.506218256
30215,47023.0,32.400202902
30219,47025.0,41.677826812
30226,47027.0,34.409898599
30228,47029.0,39.271397877
30234,47031.0,47.310180668
30239,47033.0,37.414222504
30244,47035.0,43.558774506
30250,47037.0,37.845496087
30277,47039.0,43.935400133
30281,47041.0,51.888373154
30286,47043.0,33.506218256
30293,47045.0,35.173949443
30299,47047.0,49.805246196
30307,47049.0,40.123177019
30312,47051.0,42.387108928
30320,47053.0,45.1134243
30330,47055.0,45.30048497
30337,47057.0,42.387108928
30343,47059.0,38.609546931
30350,47061.0,43.813010718
30358,47063.0,43.935400133
30363,47065.0,39.855191785
30388,47067.0,25.529007927
30390,47069.0,51.071397986
30399,47071.0,39.271397877
30406,47073.0,46.794753629
30413,47075.0,39.271397877
30415,47077.0,46.369648708
30422,47079.0,46.443079969
30429,47081.0,42.045144418
30435,47083.0,25.529007927
30438,47085.0,49.460638913
30442,47087.0,46.295113176
30446,47089.0,43.558774506
30450,47091.0,44.171469484
30455,47093.0,43.426592821
30477,47095.0,28.964605414
30479,47097.0,43.68752251
30483,47099.0,48.452775667
30491,47101.0,43.813010718
30492,47103.0,30.974301112
30501,47105.0,37.845496087
30506,47107.0,49.655037141
30512,47109.0,38.242229325
30521,47111.0,25.529007927
30524,47113.0,43.68752251
30532,47115.0,41.281093574
30538,47117.0,28.964605414
30542,47119.0,25.529007927
30549,47123.0,51.212618919
30553,47125.0,47.186261227
30562,47127.0,38.951511441
30563,47129.0,28.964605414
30569,47131.0,44.285417479
30575,47133.0,35.835800389
30582,47135.0,38.609546931
30584,47137.0,46.369648708
30586,47139.0,50.264184145
30595,47141.0,42.859515689
30601,47143.0,48.047936917
30605,47145.0,47.777021432
30609,47147.0,41.483428584
30615,47149.0,39.571884994
30627,47153.0,41.864887482
30628,47155.0,53.296018867
30634,47157.0,42.549632323
30666,47159.0,45.904634223
30674,47161.0,45.391432833
30679,47163.0,48.643434536
30687,47165.0,36.941815743
30694,47167.0,43.290789272
30701,47169.0,37.414222504
30702,47171.0,46.219439654
30705,47173.0,45.30048497
30708,47175.0,48.203651905
30709,47177.0,36.941815743
30713,47179.0,38.609546931
30720,47181.0,48.403942568
30726,47183.0,47.887170842
30733,47185.0,36.419594297
30737,47187.0,45.1134243
30747,47189.0,41.483428584
30751,49001.0,50.745778155
30754,49003.0,61.345853491
30771,49005.0,59.722620749
30788,49007.0,52.217362475
30794,49009.0,49.539315477
30796,49011.0,53.222314617
30807,49013.0,54.181375643
30819,49015.0,48.643434536
30828,49017.0,59.672351358
30837,49019.0,57.160603192
30838,49021.0,60.845612211
30847,49023.0,58.831927363
30851,49025.0,58.361316117
30856,49027.0,57.804600357
30867,49029.0,54.506995473
30869,49031.0,53.563041389
30874,49033.0,51.535984835
30878,49035.0,59.305422392
30915,49037.0,59.019874788
30922,49039.0,60.112038658
30935,49041.0,53.614762062
30947,49043.0,63.052057209
30954,49045.0,58.510444367
30962,49047.0,53.733385283
30969,49049.0,63.259703579
30991,49051.0,61.680362597
30995,49053.0,63.659639737
31015,49055.0,51.535984835
31021,49057.0,62.414963427
31030,50001.0,60.464472307
31045,50003.0,61.147271998
31062,50005.0,62.347685942
31079,50007.0,58.813936347
31095,50009.0,55.514629511
31106,50011.0,59.559930634
31119,50013.0,56.035681829
31124,50015.0,58.090770414
31135,50017.0,56.361484143
31158,50019.0,61.406758363
31180,50021.0,66.495313497
31205,50023.0,63.423570386
31226,50025.0,63.08262166
31250,50027.0,63.080081809
31282,51001.0,57.70040542
31309,51003.0,56.648621531
31321,51005.0,49.460638913
31326,51007.0,40.619242629
31328,51009.0,51.128370101
31332,51011.0,44.396804626
31335,51015.0,51.715310007
31352,51017.0,46.295113176
31356,51019.0,56.00401067
31366,51021.0,46.369648708
31370,51023.0,54.771963958
31377,51025.0,50.866674867
31389,51027.0,42.706995364
31398,51029.0,50.297787796
31404,51031.0,53.64894509
31411,51033.0,49.61676267
31417,51035.0,51.295459613
31425,51036.0,53.631883044
31426,51037.0,50.715087534
31435,51041.0,49.914989117
31447,51043.0,49.730710664
31451,51045.0,47.664368413
31452,51047.0,47.994925508
31464,51049.0,35.835800389
31466,51051.0,46.369648708
31475,51053.0,50.984692811
31483,51057.0,46.862190308
31491,51059.0,51.042664459
31532,51061.0,50.866674867
31547,51063.0,55.087604981
31552,51065.0,47.37099762
31557,51067.0,53.682893986
31567,51069.0,53.013787827
31577,51071.0,60.1809122
31585,51073.0,53.128615807
31589,51075.0,51.156612454
31596,51077.0,55.853475733
31602,51079.0,52.693901391
31606,51083.0,45.017178179
31615,51085.0,50.745778155
31623,51087.0,42.219075228
31635,51089.0,53.799916745
31643,51091.0,36.419594297
31648,51093.0,56.42025779
31653,51095.0,49.539315477
31656,51097.0,44.505743505
31664,51099.0,48.82703032
31666,51101.0,46.295113176
31670,51103.0,46.515439203
31675,51105.0,48.100387348
31683,51107.0,54.405690819
31699,51109.0,53.816411001
31703,51111.0,36.419594297
31706,51113.0,52.896236401
31717,51115.0,54.196649983
31728,51117.0,52.171679945
31738,51119.0,53.422421477
31749,51121.0,57.767638817
31755,51125.0,55.686947658
31766,51127.0,52.52586769
31771,51131.0,58.433198345
31780,51133.0,57.83397241
31785,51135.0,45.017178179
31788,51137.0,47.43107738
31793,51139.0,55.225818534
31797,51141.0,48.452775667
31804,51143.0,54.785524895
31818,51145.0,53.128615807
31819,51147.0,35.173949443
31825,51149.0,57.076018896
31828,51153.0,49.655037141
31844,51155.0,56.768061514
31850,51157.0,47.607066972
31857,51159.0,42.859515689
31860,51161.0,50.984692811
31865,51163.0,52.796101289
31873,51165.0,52.439665179
31890,51167.0,53.766762645
31896,51169.0,50.429969481
31903,51171.0,53.185047378
31915,51173.0,49.95103669
31920,51175.0,58.777757212
31928,51177.0,53.978403179
31933,51179.0,46.142592852
31937,51181.0,48.501132338
31942,51183.0,43.007482482
31946,51185.0,43.007482482
31959,51187.0,51.042664459
31962,51191.0,46.219439654
31969,51193.0,48.152288549
31973,51195.0,38.951511441
31979,51197.0,45.480741906
31986,51199.0,49.878677457
31990,53001.0,60.289157145
31995,53003.0,43.290789272
31998,53005.0,62.143264415
32008,53007.0,62.749174287
32019,53009.0,58.636571261
32028,53011.0,56.911220042
32047,53013.0,50.429969481
32049,53015.0,64.965439991
32059,53017.0,54.463832477
32066,53019.0,63.185650616
32074,53021.0,63.361553452
32079,53023.0,51.690085935
32080,53025.0,66.478704446
32095,53027.0,59.391718708
32112,53029.0,66.445318437
32119,53031.0,56.768061514
32126,53033.0,60.162639296
32206,53035.0,64.956748915
32224,53037.0,58.78984629
32233,53039.0,59.850984005
32247,53041.0,63.845946965
32267,53043.0,55.886120326
32279,53045.0,61.010321843
32288,53047.0,63.666415568
32306,53049.0,54.010175848
32316,53051.0,61.852550261
32322,53053.0,63.274382324
32373,53055.0,59.455469034
32382,53057.0,54.346859037
32395,53059.0,54.073116624
32399,53061.0,58.944378598
32425,53063.0,66.463323458
32460,53065.0,71.505853293
32479,53067.0,62.959216461
32491,53069.0,33.506218256
32495,53071.0,66.617516252
32503,53073.0,60.434236364
32518,53075.0,54.62029228
32538,53077.0,65.627725091
32558,54001.0,49.420827298
32564,54003.0,62.603100034
32573,54005.0,58.79587979
32598,54007.0,58.78984629
32606,54009.0,52.836398417
32612,54011.0,50.653130234
32621,54013.0,55.82061471
32629,54015.0,55.372327313
32642,54017.0,52.693901391
32645,54019.0,61.747298381
32679,54021.0,55.86438117
32688,54023.0,53.699781633
32695,54025.0,62.935731987
32713,54027.0,62.146332518
32729,54029.0,57.024566675
32734,54031.0,58.950226999
32742,54033.0,58.704596925
32758,54035.0,54.825986503
32769,54037.0,66.831832964
32777,54039.0,56.911220042
32814,54041.0,43.813010718
32822,54043.0,57.243768222
32836,54045.0,58.471971837
32866,54047.0,64.381863164
32891,54049.0,59.980856573
32904,54051.0,56.920031634
32912,54053.0,58.741312052
32925,54055.0,68.264582627
32940,54057.0,67.708825672
32948,54059.0,60.416875508
32965,54061.0,55.188504535
32974,54063.0,50.590388644
32984,54065.0,60.658704906
32986,54067.0,56.00401067
33003,54069.0,49.132815695
33007,54071.0,62.173860312
33015,54073.0,45.739401607
33017,54075.0,64.590368003
33028,54077.0,62.891066521
33042,54079.0,37.845496087
33054,54081.0,63.614229255
33089,54083.0,64.375998617
33104,54085.0,50.926035091
33114,54087.0,55.348207949
33122,54089.0,60.266800231
33131,54091.0,48.689974967
33135,54093.0,60.781397296
33142,54095.0,55.113023085
33146,54097.0,52.796101289
33153,54099.0,51.56200337
33166,54101.0,58.71073503
33174,54103.0,58.679968206
33184,54105.0,47.123119998
33188,54107.0,52.032050445
33199,54109.0,71.125415391
33227,55001.0,51.814941893
33232,55003.0,50.866674867
33241,55005.0,54.799048831
33253,55007.0,59.682446106
33263,55009.0,48.643434536
33277,55011.0,49.258303903
33282,55013.0,43.813010718
33287,55015.0,47.186261227
33295,55017.0,54.606270999
33304,55019.0,49.768118536
33319,55021.0,53.457952235
33331,55023.0,47.887170842
33340,55025.0,57.033179222
33373,55027.0,51.535984835
33394,55029.0,64.370127122
33404,55031.0,51.690085935
33414,55033.0,53.493230102
33423,55035.0,54.997600857
33430,55037.0,46.142592852
33433,55039.0,51.56200337
33447,55041.0,49.174999094
33453,55043.0,57.382023011
33474,55045.0,48.689974967
33481,55047.0,51.430522996
33488,55049.0,54.662119696
33499,55051.0,42.219075228
33506,55053.0,53.457952235
33512,55055.0,52.836398417
33522,55057.0,53.83285055
33531,55059.0,57.084542578
33542,55061.0,51.912610462
33546,55063.0,53.64894509
33554,55065.0,51.37693848
33563,55067.0,52.775829197
33572,55069.0,53.203716023
33576,55071.0,48.501132338
33590,55073.0,53.240843683
33605,55075.0,59.692520336
33618,55077.0,52.935730789
33625,55079.0,55.311807398
33660,55081.0,48.304808874
33667,55083.0,56.302005196
33678,55085.0,51.984619275
33687,55087.0,52.652423998
33703,55089.0,54.675984095
33711,55091.0,44.612339429
33715,55093.0,51.0999659
33725,55095.0,46.862190308
33738,55097.0,50.092661167
33749,55099.0,47.832402114
33757,55101.0,59.626668828
33770,55103.0,50.77627991
33776,55105.0,51.013763389
33788,55107.0,52.217362475
33796,55109.0,54.302272355
33807,55111.0,52.262627808
33821,55113.0,52.994388508
33828,55115.0,54.28732055
33841,55117.0,47.994925508
33855,55119.0,52.896236401
33861,55121.0,52.693901391
33872,55123.0,51.960732388
33883,55125.0,50.745778155
33894,55127.0,59.348758357
33907,55129.0,46.064535814
33914,55131.0,56.98127802
33925,55133.0,63.428308932
33951,55135.0,58.221122383
33963,55137.0,54.812535967
33971,55139.0,49.655037141
33982,55141.0,49.090270203
33994,56001.0,55.010559086
34002,56003.0,52.652423998
34014,56005.0,60.532898166
34019,56007.0,57.855887786
34028,56009.0,53.332464027
34030,56011.0,53.528258654
34035,56013.0,60.306970352
34046,56015.0,52.439665179
34053,56017.0,48.100387348
34055,56019.0,49.047356346
34057,56021.0,60.399453629
34066,56023.0,62.538344811
34080,56025.0,55.455832624
34088,56027.0,58.510444367
34092,56029.0,52.974912965
34097,56031.0,51.349927408
34102,56033.0,52.955360594
34112,56035.0,58.227888963
34118,56037.0,58.32166375
34126,56039.0,65.110903271
34132,56041.0,47.832402114
34137,56043.0,47.123119998
34139,56045.0,60.34681753
40993,2020.0,
41009,2063.0,
41013,2066.0,
41017,2105.0,
41022,2110.0,
41024,2195.0,
41025,2198.0,
41033,2220.0,
41034,2230.0,
41035,2275.0,
41036,2282.0,
41037,8014.0,
41039,13017.0,
41040,13067.0,
41057,13083.0,
41060,13215.0,
41068,13313.0,
41073,15005.0,
41074,17099.0,
41098,18033.0,
41105,18091.0,
41116,19003.0,
41120,19135.0,
41123,19141.0,
41131,20129.0,
41134,21021.0,
41138,21023.0,
41142,21037.0,
41151,21041.0,
41155,21087.0,
41158,21127.0,
41166,21169.0,
41171,21185.0,
41177,21187.0,
41180,21209.0,
41183,21215.0,
41185,21229.0,
41188,22057.0,
41197,27029.0,
41202,27125.0,
41206,27159.0,
41210,31009.0,
41213,31017.0,
41216,31049.0,
41218,31075.0,
41221,31117.0,
41222,31121.0,
41228,31147.0,
41236,31165.0,
41237,32510.0,
41240,35011.0,
41242,38001.0,
41244,38031.0,
41248,38047.0,
41251,38071.0,
41260,42083.0,
41278,45067.0,
41282,46007.0,
41285,46063.0,
41289,46065.0,
41292,46073.0,
41294,46085.0,
41300,46117.0,
41302,46119.0,
41304,46121.0,
41309,47121.0,
41311,47151.0,
41316,51013.0,
41325,51081.0,
41327,51510.0,
41333,51520.0,
41334,51530.0,
41335,51540.0,
41337,51550.0,
41343,51570.0,
41344,51590.0,
41346,51595.0,
41347,51610.0,
41348,51620.0,
41349,51630.0,
41350,51640.0,
41351,51650.0,
41358,51660.0,
41360,51670.0,
41361,51678.0,
41362,51680.0,
41366,51683.0,
41367,51700.0,
41375,51710.0,
41388,51720.0,
41389,51730.0,
41391,51735.0,
41392,51740.0,
41397,51750.0,
41398,51760.0,
41406,51770.0,
41413,51775.0,
41414,51790.0,
41415,51800.0,
41422,51810.0,
41431,51820.0,
41432,51840.0,
41433,55078.0,
41576,51600.0,
41592,51685.0,
41593,51690.0,
41677,51830.0,
